scientific_name,longitude,latitude,checklist_id,country,observer_id,sampling_event_identifier,observation_count,state_code,locality_id,protocol_type,observation_date,year,month,time_observations_started,duration_minutes,effort_distance_km,number_observers,fid
Turdus amaurochalinus,-71.37564,-12.87021,S64328764,Peru,obs853098,S64328764,1,PE-MDD,L1004838,Traveling,07-08-08,2008,8,13.5,300,4.828,6,1
Turdus amaurochalinus,-46.9025471,-23.2563256,S62024747,Brazil,obs692284,S62024747,,BR-SP,L10247446,Stationary,04-10-08,2008,10,7,240,0,3,1
Turdus amaurochalinus,-51.7283446,-28.1976096,S100662154,Brazil,obs1166183,S100662154,,BR-RS,L10637103,Traveling,01-01-08,2008,1,9,300,2.5,1,1
Turdus amaurochalinus,-46.8288573,-22.8792235,S128160963,Brazil,obs692284,S128160963,,BR-SP,L11351596,Traveling,06-06-08,2008,6,7,240,2,2,1
Turdus amaurochalinus,-58.8841965,-34.2030489,S135744242,Argentina,obs2422700,S135744242,,AR-B,L11718398,Stationary,27-12-08,2008,12,14,240,0,6,1
Turdus amaurochalinus,-58.494966,-34.4693445,S12923447,Argentina,obs344577,S12923447,1,AR-B,L1294852,Traveling,24-09-08,2008,9,8,180,3,3,1
Turdus amaurochalinus,-64.783972,-21.939096,S9001546,Bolivia,obs282293,S9001546,,BO-T,L1298228,Traveling,12-02-08,2008,2,10,180,1.609,2,1
Turdus amaurochalinus,-57.0634969,-25.6038428,S88538606,Paraguay,obs651050,S88538606,,PY-9,L14254624,Traveling,12-08-08,2008,8,8,60,1,1,1
Turdus amaurochalinus,-57.8437042,-34.4454237,S12927023,Uruguay,obs344577,S12927023,1,UY-CO,L1929097,Traveling,28-09-08,2008,9,10,300,3,1,1
Turdus amaurochalinus,-58.0698037,-34.8600526,S22928912,Argentina,obs559056,S22928912,,AR-B,L19440545,Traveling,31-03-08,2008,3,8,195,3,1,1
Turdus amaurochalinus,-57.8553772,-35.0227833,S21381792,Argentina,obs559056,S21381792,,AR-B,L19440655,Traveling,06-12-08,2008,12,8,300,5,1,1
Turdus amaurochalinus,-57.9404032,-34.9101999,S23518634,Argentina,obs559056,S23518634,,AR-B,L19440688,Traveling,11-12-08,2008,12,15,165,3,1,1
Turdus amaurochalinus,-57.9805257,-34.9226391,S22469279,Argentina,obs559056,S22469279,,AR-B,L19506577,Traveling,26-11-08,2008,11,9,120,0.8,1,1
Turdus amaurochalinus,-57.9419676,-34.93077,S23177145,Argentina,obs559056,S23177145,,AR-B,L19506639,Traveling,25-09-08,2008,9,16,105,1,1,1
Turdus amaurochalinus,-58.2126904,-31.8629794,S17369994,Argentina,obs433235,S17369994,1,AR-E,L2445723,Traveling,29-10-08,2008,10,7.75,240,5,2,1
Turdus amaurochalinus,-57.8865,-34.8695,S15730243,Argentina,obs239338,S15730243,,AR-B,L2761537,Traveling,11-10-08,2008,10,9,300,1,10,1
Turdus amaurochalinus,-56.092,-34.8801667,S32105995,Uruguay,obs521964,S32105995,,UY-MO,L2761694,Traveling,12-10-08,2008,10,10,90,1,1,1
Turdus amaurochalinus,-57.3906898,-35.1349311,S65009160,Argentina,obs1408101,S65009160,,AR-B,L2762553,Traveling,24-12-08,2008,12,7.5,150,5,2,1
Turdus amaurochalinus,-58.7476489,-33.4983288,S71575783,Argentina,obs419506,S71575783,6,AR-E,L2762863,Traveling,02-11-08,2008,11,13,180,4,1,1
Turdus amaurochalinus,-58.2243333,-34.8535,S23964050,Argentina,obs559056,S23964050,,AR-B,L2763223,Traveling,10-08-08,2008,8,9,300,5,1,1
Turdus amaurochalinus,-57.8663333,-34.8543333,S12216392,Argentina,obs239338,S12216392,,AR-B,L2763498,Traveling,26-10-08,2008,10,9,300,2,4,1
Turdus amaurochalinus,-57.9313024,-34.9054254,S15249206,Argentina,obs239338,S15249206,1,AR-B,L2763601,Traveling,25-05-08,2008,5,9,210,2,10,1
Turdus amaurochalinus,-59.0869658,-34.2906583,S44966362,Argentina,obs529484,S44966362,1,AR-B,L3026101,Stationary,16-11-08,2008,11,8.833333333,30,0,1,1
Turdus amaurochalinus,-59.0769652,-34.2923159,S23534492,Argentina,obs529484,S23534492,1,AR-B,L3026160,Traveling,08-12-08,2008,12,10,120,3,3,1
Turdus amaurochalinus,-47.8837824,-15.7455017,S24154149,Brazil,obs335836,S24154149,1,BR-DF,L3113928,Traveling,18-05-08,2008,5,6.5,240,1,2,1
Turdus amaurochalinus,-57.3817635,-35.1318426,S21699572,Argentina,obs559056,S21699572,,AR-B,L3342150,Traveling,20-04-08,2008,4,13,240,3,1,1
Turdus amaurochalinus,-47.88378,-15.7455,S24155413,Brazil,obs335836,S24155413,1,BR-DF,L3535935,Traveling,14-09-08,2008,9,7.5,210,1,4,1
Turdus amaurochalinus,-58.0837727,-34.8100684,S22973593,Argentina,obs559056,S22973593,,AR-B,L3576282,Traveling,22-10-08,2008,10,8,300,5,1,1
Turdus amaurochalinus,-58.8761187,-27.4252337,S66160825,Argentina,obs500739,S66160825,,AR-H,L3596256,Traveling,22-06-08,2008,6,8.5,240,3,5,1
Turdus amaurochalinus,-58.541591,-34.306755,S23775785,Argentina,obs495957,S23775785,,AR-B,L3696318,Traveling,14-12-08,2008,12,9,120,2,7,1
Turdus amaurochalinus,-49.6777296,-26.7136054,S35021715,Brazil,obs360030,S35021715,,BR-SC,L3915271,Traveling,17-01-08,2008,1,6.5,10,4.828,2,1
Turdus amaurochalinus,-57.5678444,-25.2445407,S3749223,Paraguay,obs41831,S3749223,10,PY-ASU,L473699,Traveling,24-03-08,2008,3,7.25,90,3.219,2,1
Turdus amaurochalinus,-58.8817833,-34.19895,S33239184,Argentina,obs240226,S33239184,,AR-B,L495992,Traveling,05-10-08,2008,10,17,120,1.609,3,1
Turdus amaurochalinus,-57.3184204,-25.3340967,S3747898,Paraguay,obs41831,S3747898,1,PY-11,L511350,Stationary,15-03-08,2008,3,17,90,0,1,1
Turdus amaurochalinus,-58.4952167,-34.4699,S4182383,Argentina,obs89349,S4182383,2,AR-B,L600915,Traveling,27-09-08,2008,9,1.5,90,0.805,5,1
Turdus amaurochalinus,-58.3204833,-31.8165333,S4182147,Argentina,obs89349,S4182147,2,AR-E,L600917,Stationary,21-09-08,2008,9,7,30,0,1,1
Turdus amaurochalinus,-61.0839844,-14.8810872,S42302718,Bolivia,obs286988,S42302718,25,BO-S,L604107,Traveling,24-07-08,2008,7,11,180,5,5,1
Turdus amaurochalinus,-42.6421452,-22.4445094,S4257845,Brazil,obs16810,S4257845,1,BR-RJ,L612261,Traveling,01-11-08,2008,11,14,210,0.966,10,1
Turdus amaurochalinus,-57.9613423,-34.9280868,S38834895,Argentina,obs239338,S38834895,3,AR-B,L6216331,Stationary,25-11-08,2008,11,7.75,75,0,2,1
Turdus amaurochalinus,-57.9807065,-34.9218429,S38834650,Argentina,obs239338,S38834650,1,AR-B,L6216302,Stationary,29-07-08,2008,7,9.166666667,125,0,2,1
Turdus amaurochalinus,-57.9537236,-34.9432607,S38835072,Argentina,obs239338,S38835072,6,AR-B,L6216386,Stationary,24-10-08,2008,10,8,75,0,2,1
Turdus amaurochalinus,-57.9672926,-34.934634,S38836983,Argentina,obs239338,S38836983,11,AR-B,L6216712,Stationary,05-11-08,2008,11,8,150,0,3,1
Turdus amaurochalinus,-57.9409075,-34.9315239,S38839833,Argentina,obs239338,S38839833,6,AR-B,L6216874,Stationary,24-10-08,2008,10,10,120,0,2,1
Turdus amaurochalinus,-63.1726527,-17.7931765,S42335366,Bolivia,obs286988,S42335366,4,BO-S,L6794116,Traveling,03-08-08,2008,8,13.25,120,3,2,1
Turdus amaurochalinus,-57.383133,-35.7521,S50604383,Argentina,obs977578,S50604383,1,AR-B,L8032678,Traveling,04-05-08,2008,5,15.4,140,4,2,1
Turdus amaurochalinus,-63.1605721,-17.9483605,S75016210,Bolivia,obs160876,S75016210,1,BO-S,L816130,Traveling,25-02-08,2008,2,17.5,60,1.609,1,1
Turdus amaurochalinus,-63.0697632,-17.7664245,S8778312,Bolivia,obs112083,S8778312,3,BO-S,L831297,Traveling,22-08-08,2008,8,12,240,3.219,4,1
Turdus amaurochalinus,-57.3927766,-35.1371334,S6079554,Argentina,obs162639,S6079554,3,AR-B,L834289,Traveling,30-10-08,2008,10,6.583333333,54,0.998,1,1
Turdus amaurochalinus,-63.0686581,-17.7735355,S5942378,Bolivia,obs162639,S5942378,1,BO-S,L834348,Traveling,02-10-08,2008,10,8.65,32,0.998,1,1
Turdus amaurochalinus,-63.1654429,-17.9122251,S5942657,Bolivia,obs162639,S5942657,3,BO-S,L834349,Traveling,08-12-08,2008,12,6.283333333,54,0.998,1,1
Turdus amaurochalinus,-47.9783249,-15.6806921,S24155171,Brazil,obs335836,S24155171,1,BR-DF,L865779,Traveling,23-08-08,2008,8,8,180,1.5,3,1
Turdus amaurochalinus,-48.2984991,-24.3122471,S31284057,Brazil,obs156650,S31284057,2,BR-SP,L972187,Traveling,28-11-08,2008,11,6.25,45,0.5,3,1
Turdus amaurochalinus,-63.8604934,-18.1789221,S42314761,Bolivia,obs286988,S42314761,,BO-S,L999571,Traveling,27-07-08,2008,7,6.25,135,2,6,1
Turdus amaurochalinus,-56.5709209,-21.2551017,S61497730,Brazil,obs692284,S61497730,,BR-MS,L10161040,Traveling,31-03-09,2009,3,7,240,2,1,1
Turdus amaurochalinus,-60.6737405,-31.6372972,S33240208,Argentina,obs240226,S33240208,,AR-S,L1059280,Traveling,02-12-09,2009,12,16.25,170,0.483,1,1
Turdus amaurochalinus,-46.9666573,-23.2149094,S69796863,Brazil,obs1312265,S69796863,2,BR-SP,L11576019,Traveling,04-11-09,2009,11,7,120,4,1,1
Turdus amaurochalinus,-58.9003398,-34.2258079,S38069507,Argentina,obs919707,S38069507,,AR-B,L11712713,Traveling,27-10-09,2009,10,12,40,2,2,1
Turdus amaurochalinus,-44.61118,-22.3365385,S76524550,Brazil,obs511116,S76524550,1,BR-RJ,L12775871,Stationary,10-09-09,2009,9,16.41666667,70,0,1,1
Turdus amaurochalinus,-63.1938092,-17.8311014,S9224849,Bolivia,obs92825,S9224849,,BO-S,L1326118,Traveling,09-07-09,2009,7,10,60,1.609,1,1
Turdus amaurochalinus,-69.308274,-32.951301,S89020620,Argentina,obs532659,S89020620,2,AR-M,L15112778,Traveling,12-10-09,2009,10,8,240,5,2,1
Turdus amaurochalinus,-46.6591035,-23.5861978,S76517683,Brazil,obs511116,S76517683,1,BR-SP,L1800556,Stationary,02-08-09,2009,8,8.5,140,0,1,1
Turdus amaurochalinus,-58.06283,-34.8588553,S21418865,Argentina,obs559056,S21418865,,AR-B,L19465233,Traveling,23-08-09,2009,8,8,300,5,1,1
Turdus amaurochalinus,-57.9666674,-34.9325091,S23204064,Argentina,obs559056,S23204064,,AR-B,L19506383,Traveling,05-06-09,2009,6,9.5,90,1,1,1
Turdus amaurochalinus,-46.623371,-23.6387607,S62162363,Brazil,obs511116,S62162363,2,BR-SP,L2015671,Stationary,05-09-09,2009,9,10,195,0,1,1
Turdus amaurochalinus,-44.6150789,-22.4319829,S76567660,Brazil,obs511116,S76567660,1,BR-RJ,L2421964,Stationary,12-09-09,2009,9,13.08333333,240,0,1,1
Turdus amaurochalinus,-65.5055416,-24.7325854,S16129144,Argentina,obs323507,S16129144,,AR-A,L2491898,Traveling,15-06-09,2009,6,7.5,210,3.219,2,1
Turdus amaurochalinus,-60.3272377,-31.7233277,S33240209,Argentina,obs240226,S33240209,,AR-E,L2633542,Traveling,02-12-09,2009,12,7.5,300,1.609,1,1
Turdus amaurochalinus,-60.0042343,-26.2607834,S47493114,Argentina,obs496887,S47493114,,AR-H,L2761744,Traveling,30-12-09,2009,12,9.5,180,4,3,1
Turdus amaurochalinus,-65.7,-26.85,S10705467,Argentina,obs228451,S10705467,2,AR-T,L2763434,Traveling,04-06-09,2009,6,14,300,1.609,2,1
Turdus amaurochalinus,-58.107183,-34.8320701,S67071857,Argentina,obs239338,S67071857,,AR-B,L2763504,Stationary,06-12-09,2009,12,8,240,0,4,1
Turdus amaurochalinus,-64.33097,-31.3228038,S18411842,Argentina,obs429240,S18411842,1,AR-X,L2855082,Traveling,28-07-09,2009,7,11.33333333,60,1,1,1
Turdus amaurochalinus,-65.7801676,-18.0815691,S18802250,Bolivia,obs428578,S18802250,,BO-P,L2922955,Traveling,22-11-09,2009,11,8,180,2,1,1
Turdus amaurochalinus,-60.588398,-24.7041082,S49258703,Argentina,obs496887,S49258703,,AR-P,L3064193,Traveling,26-12-09,2009,12,7,180,4,3,1
Turdus amaurochalinus,-64.04986,-33.18829,S43019108,Argentina,obs428785,S43019108,2,AR-X,L3066748,Traveling,13-03-09,2009,3,10,240,3,1,1
Turdus amaurochalinus,-56.4459327,-21.1715363,S61523591,Brazil,obs692284,S61523591,,BR-MS,L3083875,Traveling,11-09-09,2009,9,6,300,2,2,1
Turdus amaurochalinus,-58.4255934,-35.0157102,S22160633,Argentina,obs559056,S22160633,,AR-B,L3119790,Traveling,08-04-09,2009,4,9,180,2,1,1
Turdus amaurochalinus,-57.95434,-34.8476915,S22289973,Argentina,obs559056,S22289973,,AR-B,L3479677,Traveling,03-01-09,2009,1,8,300,3,1,1
Turdus amaurochalinus,-45.06859,-23.494,S24447300,Brazil,obs425521,S24447300,1,BR-SP,L3624453,Stationary,27-07-09,2009,7,12.08333333,185,0,1,1
Turdus amaurochalinus,-64.3011224,-33.1152683,S44408876,Argentina,obs428785,S44408876,3,AR-X,L3684039,Stationary,09-08-09,2009,8,17,60,0,1,1
Turdus amaurochalinus,-70.7029063,-12.3550311,S31203448,Peru,obs101732,S31203448,1,PE-MDD,L3837650,Traveling,15-06-09,2009,6,16,60,1.609,8,1
Turdus amaurochalinus,-47.639873,-22.7087789,S120663551,Brazil,obs788417,S120663551,,BR-SP,L3886968,Traveling,08-03-09,2009,3,6.266666667,134,1.609,1,1
Turdus amaurochalinus,-57.9167032,-31.4596842,S26065130,Uruguay,obs521961,S26065130,,UY-PA,L4040118,Traveling,17-11-09,2009,11,7,75,1,1,1
Turdus amaurochalinus,-47.6975083,-15.5883582,S31080772,Brazil,obs335836,S31080772,,BR-DF,L4668865,Traveling,23-08-09,2009,8,7,300,2,1,1
Turdus amaurochalinus,-43.2241201,-22.9674422,S54814750,Brazil,obs1051354,S54814750,,BR-RJ,L494684,Traveling,09-08-09,2009,8,7.25,180,2,2,1
Turdus amaurochalinus,-46.279183,-23.7604353,S94627611,Brazil,obs783701,S94627611,,BR-SP,L5237574,Traveling,18-10-09,2009,10,5.433333333,300,3,4,1
Turdus amaurochalinus,-53.9027667,-34.2826448,S37665867,Uruguay,obs428578,S37665867,,UY-RO,L604222,Traveling,02-01-09,2009,1,7,120,1,4,1
Turdus amaurochalinus,-42.770932,-22.450948,S36707083,Brazil,obs177447,S36707083,,BR-RJ,L612882,Traveling,18-07-09,2009,7,12,300,1.609,1,1
Turdus amaurochalinus,-60.6744218,-31.6361371,S43298170,Argentina,obs496887,S43298170,1,AR-S,L6199859,Traveling,06-12-09,2009,12,14,270,2,1,1
Turdus amaurochalinus,-56.5138409,-21.1159599,S104766054,Brazil,obs692284,S104766054,,BR-MS,L7378482,Traveling,07-04-09,2009,4,5.666666667,120,0.5,5,1
Turdus amaurochalinus,-43.2068682,-22.9116675,S5259070,Brazil,obs152186,S5259070,1,BR-RJ,L766399,Stationary,11-08-09,2009,8,13,5,0,2,1
Turdus amaurochalinus,-48.41179,-24.26731,S5423492,Brazil,obs20528,S5423492,1,BR-SP,L788909,Stationary,27-09-09,2009,9,17.91666667,20,0,4,1
Turdus amaurochalinus,-48.3096313,-24.2820198,S5716733,Brazil,obs105531,S5716733,1,BR-SP,L825635,Traveling,31-12-09,2009,12,13,300,3.219,2,1
Turdus amaurochalinus,-54.1796619,-34.582606,S54515548,Uruguay,obs192023,S54515548,5,UY-RO,L8954577,Traveling,19-07-09,2009,7,10.83333333,240,5,1,1
Turdus amaurochalinus,-45.06,-23.398,S6928112,Brazil,obs47423,S6928112,2,BR-SP,L1000366,Traveling,20-08-10,2010,8,11.5,180,3.219,3,1
Turdus amaurochalinus,-56.4905337,-21.1354495,S61390752,Brazil,obs692284,S61390752,,BR-MS,L10004137,Traveling,24-03-10,2010,3,7.5,120,0.6,1,1
Turdus amaurochalinus,-40.1345426,-14.4132235,S6935972,Brazil,obs47423,S6935972,1,BR-BA,L1001257,Traveling,02-09-10,2010,9,14,300,3.219,3,1
Turdus amaurochalinus,-56.3626099,-34.7844834,S6974052,Uruguay,obs211824,S6974052,3,UY-MO,L1006123,Traveling,08-10-10,2010,10,8.5,210,4,1,1
Turdus amaurochalinus,-63.6470604,-18.1201578,S9646548,Bolivia,obs220662,S9646548,20,BO-S,L1008525,Traveling,10-08-10,2010,8,16,240,4.828,3,1
Turdus amaurochalinus,-65.51802,-17.10393,S114895964,Bolivia,obs598607,S114895964,1,BO-C,L1008536,Traveling,14-05-10,2010,5,16,120,3,2,1
Turdus amaurochalinus,-45.57,-22.72,S7500769,Brazil,obs16483,S7500769,,BR-SP,L1075660,Traveling,26-08-10,2010,8,13.5,60,0.241,1,1
Turdus amaurochalinus,-69.2344735,-12.7411296,S6799294,Peru,obs132232,S6799294,2,PE-MDD,L11034370,Traveling,17-08-10,2010,8,6.5,90,0.402,5,1
Turdus amaurochalinus,-57.6036358,-25.3600044,S7804807,Paraguay,obs161077,S7804807,6,PY-11,L1108065,Stationary,25-10-10,2010,10,13,195,0,1,1
Turdus amaurochalinus,-58.878479,-34.1981731,S8501356,Argentina,obs195649,S8501356,,AR-B,L1218728,Traveling,19-09-10,2010,9,10.25,240,4.828,1,1
Turdus amaurochalinus,-59.580187,-18.330567,S9226843,Bolivia,obs92825,S9226843,,BO-S,L1326351,Traveling,20-12-10,2010,12,15,60,4.828,1,1
Turdus amaurochalinus,-57.9340844,-34.882597,S10221223,Argentina,obs239338,S10221223,5,AR-B,L1460216,Traveling,17-01-10,2010,1,7,90,2,1,1
Turdus amaurochalinus,-55.7799311,-15.4255537,S36019409,Brazil,obs177447,S36019409,,BR-MT,L1465421,Traveling,26-07-10,2010,7,8,240,4.828,2,1
Turdus amaurochalinus,-68.617043,-34.903576,S93811428,Argentina,obs532659,S93811428,2,AR-M,L16222965,Traveling,03-04-10,2010,4,9,180,4,2,1
Turdus amaurochalinus,-59.7954369,-29.4348797,S24313868,Argentina,obs639535,S24313868,1,AR-S,L17216653,Stationary,06-03-10,2010,3,16.5,90,0,1,1
Turdus amaurochalinus,-63.1773655,-17.6773822,S11791764,Bolivia,obs220662,S11791764,8,BO-S,L1776305,Traveling,10-07-10,2010,7,7.5,120,4.828,2,1
Turdus amaurochalinus,-63.1196873,-17.9183011,S11791772,Bolivia,obs220662,S11791772,10,BO-S,L1776306,Traveling,10-05-10,2010,5,6.5,120,3.219,2,1
Turdus amaurochalinus,-58.3910465,-33.0655786,S12994995,Argentina,obs358666,S12994995,6,AR-E,L1951867,Traveling,15-10-10,2010,10,10,150,2,2,1
Turdus amaurochalinus,-58.5927647,-32.9711692,S12994805,Argentina,obs358666,S12994805,1,AR-E,L1952059,Traveling,15-10-10,2010,10,14.5,150,3,2,1
Turdus amaurochalinus,-64.7422227,-17.1173581,S115072780,Bolivia,obs598607,S115072780,1,BO-C,L20136413,Traveling,15-05-10,2010,5,12.75,30,2,2,1
Turdus amaurochalinus,-58.2583952,-34.7381388,S15215894,Argentina,obs426825,S15215894,2,AR-B,L2360990,Traveling,15-09-10,2010,9,9.5,120,3,1,1
Turdus amaurochalinus,-63.3137101,-17.9089136,S16457559,Bolivia,obs173519,S16457559,2,BO-S,L2574870,Traveling,25-12-10,2010,12,6.5,120,2,1,1
Turdus amaurochalinus,-58.86922,-34.6740527,S33240276,Argentina,obs240226,S33240276,,AR-B,L2638106,Traveling,24-03-10,2010,3,8,300,1.287,1,1
Turdus amaurochalinus,-68.8715,-32.8888333,S20479368,Argentina,obs166533,S20479368,10,AR-M,L2763538,Traveling,24-12-10,2010,12,9,180,1.609,2,1
Turdus amaurochalinus,-44.207778,-23.175833,S50884737,Brazil,obs736656,S50884737,,BR-RJ,L2835401,Stationary,04-12-10,2010,12,19,240,0,3,1
Turdus amaurochalinus,-64.262,-18.14628,S9647784,Bolivia,obs220662,S9647784,6,BO-S,L2995478,Traveling,11-08-10,2010,8,18,60,0.805,3,1
Turdus amaurochalinus,-45.1646957,-23.3191933,S119542579,Brazil,obs511116,S119542579,1,BR-SP,L3093646,Stationary,11-10-10,2010,10,13.66666667,193,0,1,1
Turdus amaurochalinus,-47.026205,-24.3674092,S78613068,Brazil,obs511116,S78613068,1,BR-SP,L3532504,Stationary,04-07-10,2010,7,13.56666667,192,0,1,1
Turdus amaurochalinus,-55.2490747,-34.8144487,S26105380,Uruguay,obs521961,S26105380,,UY-MA,L3637335,Traveling,19-12-10,2010,12,11,150,1,2,1
Turdus amaurochalinus,-64.3471813,-31.1511933,S52312997,Argentina,obs1096007,S52312997,2,AR-X,L3718846,Traveling,31-10-10,2010,10,7,240,4,1,1
Turdus amaurochalinus,-45.7324362,-22.6875182,S78517038,Brazil,obs511116,S78517038,1,BR-SP,L4882452,Stationary,20-06-10,2010,6,6.983333333,241,0,1,1
Turdus amaurochalinus,-45.5898285,-22.7372401,S6840861,Brazil,obs150509,S6840861,1,BR-SP,L493086,Traveling,29-08-10,2010,8,6.5,30,1.609,1,1
Turdus amaurochalinus,-68.0439897,-38.9745881,S35954423,Argentina,obs594966,S35954423,,AR-Q,L5696605,Traveling,15-08-10,2010,8,8.083333333,120,3,2,1
Turdus amaurochalinus,-69.1884613,-32.9575453,S7296617,Argentina,obs30953,S7296617,1,AR-M,L5835501,Traveling,16-12-10,2010,12,8.5,180,4.023,2,1
Turdus amaurochalinus,-70.7064,-12.35545,S13422698,Peru,obs358666,S13422698,1,PE-MDD,L599450,Traveling,07-10-10,2010,10,12,300,3,2,1
Turdus amaurochalinus,-70.70425,-12.4442778,S67324079,Peru,obs133217,S67324079,1,PE-MDD,L599455,Traveling,11-11-10,2010,11,5.5,270,1,3,1
Turdus amaurochalinus,-45.0641004,-23.3972349,S7362926,Brazil,obs18893,S7362926,2,BR-SP,L786356,Traveling,21-08-10,2010,8,6.583333333,160,3.219,5,1
Turdus amaurochalinus,-63.9104869,-18.0595093,S9646374,Bolivia,obs220662,S9646374,2,BO-S,L7901820,Traveling,10-08-10,2010,8,7,60,2.414,3,1
Turdus amaurochalinus,-45.5915378,-22.7393263,S59160183,Brazil,obs168813,S59160183,,BR-SP,L8221261,Traveling,24-08-10,2010,8,8,30,1,1,1
Turdus amaurochalinus,-63.1425476,-17.6578445,S107633586,Bolivia,obs598607,S107633586,1,BO-S,L831326,Traveling,29-04-10,2010,4,16.5,30,3,2,1
Turdus amaurochalinus,-56.69135,-16.4569228,S6763089,Brazil,obs207922,S6763089,1,BR-MT,L874945,Traveling,02-08-10,2010,8,8,240,4.828,9,1
Turdus amaurochalinus,-56.6208333,-16.3786111,S36072415,Brazil,obs177447,S36072415,,BR-MT,L891932,Traveling,03-08-10,2010,8,7,120,1.609,8,1
Turdus amaurochalinus,-68.677367,-12.678012,S6617443,Bolivia,obs122326,S6617443,1,BO-L,L940812,Traveling,23-06-10,2010,6,5.5,300,5,2,1
Turdus amaurochalinus,-69.4462967,-12.8188315,S6720951,Peru,obs122326,S6720951,1,PE-MDD,L969629,Traveling,23-05-10,2010,5,5.25,145,1.609,2,1
Turdus amaurochalinus,-65.4712844,-17.0645001,S115020901,Bolivia,obs598607,S115020901,1,BO-C,L977474,Traveling,15-05-10,2010,5,8.25,120,3,2,1
Turdus amaurochalinus,-56.7883301,-16.5335315,S6790522,Brazil,obs164423,S6790522,,BR-MT,L981787,Traveling,11-08-10,2010,8,8,210,3.219,10,1
Turdus amaurochalinus,-63.0704498,-17.7741894,S9665030,Bolivia,obs220662,S9665030,4,BO-S,L997565,Traveling,08-09-10,2010,9,8,2,3.219,3,1
Turdus amaurochalinus,-66.1379528,-17.4078132,S7242598,Bolivia,obs89428,S7242598,,BO-C,L997622,Traveling,10-12-10,2010,12,16,120,4.828,1,1
Turdus amaurochalinus,-47.8083333,-15.7941667,S7993351,Brazil,obs252454,S7993351,,BR-DF,L1131098,Traveling,01-04-11,2011,4,6.5,180,4,2,1
Turdus amaurochalinus,-42.991841,-22.452348,S103507843,Brazil,obs1129700,S103507843,1,BR-RJ,L11908971,Traveling,05-06-11,2011,6,12.83333333,240,4,3,1
Turdus amaurochalinus,-63.1955556,-18.0530556,S8945625,Bolivia,obs119128,S8945625,5,BO-S,L1289524,Traveling,10-10-11,2011,10,6.5,120,1,4,1
Turdus amaurochalinus,-58.8153852,-34.1709973,S9235124,Argentina,obs190477,S9235124,,AR-B,L1326987,Traveling,17-11-11,2011,11,16,180,4.828,3,1
Turdus amaurochalinus,-58.515676,-34.4643886,S9239076,Argentina,obs190477,S9239076,,AR-B,L1327311,Traveling,18-11-11,2011,11,16.5,120,3.219,3,1
Turdus amaurochalinus,-43.0412503,-22.4927261,S9247658,Brazil,obs190477,S9247658,,BR-RJ,L1327673,Traveling,23-11-11,2011,11,10,180,4.828,3,1
Turdus amaurochalinus,-42.7193069,-22.2767173,S9249094,Brazil,obs190477,S9249094,,BR-RJ,L1327873,Traveling,24-11-11,2011,11,16,150,3.219,3,1
Turdus amaurochalinus,-56.025333,-34.8776239,S9272496,Uruguay,obs54836,S9272496,2,UY-CA,L1329984,Traveling,04-12-11,2011,12,8,30,0.483,1,1
Turdus amaurochalinus,-56.2001264,-34.8593477,S9272638,Uruguay,obs54836,S9272638,12,UY-MO,L1330066,Traveling,04-12-11,2011,12,16,150,1.609,8,1
Turdus amaurochalinus,-58.479493,-34.4924033,S9334406,Argentina,obs182773,S9334406,1,AR-B,L1338361,Traveling,19-11-11,2011,11,10,60,1,3,1
Turdus amaurochalinus,-54.0984802,-34.4410801,S9344454,Uruguay,obs54836,S9344454,2,UY-RO,L1339728,Traveling,15-12-11,2011,12,9,60,2.414,10,1
Turdus amaurochalinus,-58.5102883,-32.8883604,S124549570,Argentina,obs1181384,S124549570,,AR-E,L13417868,Traveling,23-09-11,2011,9,13.5,240,2,2,1
Turdus amaurochalinus,-66.09,-17.381,S9378498,Bolivia,obs112693,S9378498,,BO-C,L1344540,Traveling,09-07-11,2011,7,7,90,0.563,1,1
Turdus amaurochalinus,-47.5448098,-22.396465,S9413780,Brazil,obs232772,S9413780,1,BR-SP,L1349100,Traveling,06-09-11,2011,9,11.5,160,4.828,2,1
Turdus amaurochalinus,-53.9759858,-25.8572992,S44794790,Argentina,obs435732,S44794790,1,AR-N,L1839170,Traveling,02-11-11,2011,11,13.58333333,220,2,3,1
Turdus amaurochalinus,-64.1688701,-33.0334588,S113659160,Argentina,obs3064142,S113659160,,AR-X,L18651461,Traveling,30-05-11,2011,5,15,180,1.5,1,1
Turdus amaurochalinus,-53.9594579,-25.8598221,S47208088,Argentina,obs496887,S47208088,,AR-N,L2161886,Traveling,10-10-11,2011,10,15,180,2,7,1
Turdus amaurochalinus,-58.2590926,-31.8637721,S147176684,Argentina,obs757832,S147176684,1,AR-E,L26564054,Traveling,23-07-11,2011,7,7.166666667,100,0.1,1,1
Turdus amaurochalinus,-56.6976929,-28.0840969,S23660484,Argentina,obs331807,S23660484,,AR-W,L2763476,Traveling,09-07-11,2011,7,10,150,5,4,1
Turdus amaurochalinus,-56.1204987,-15.6512466,S122253972,Brazil,obs598607,S122253972,1,BR-MT,L2882592,Traveling,06-06-11,2011,6,12.25,60,0.2,1,1
Turdus amaurochalinus,-46.5323997,-23.4730877,S22431369,Brazil,obs486435,S22431369,2,BR-SP,L3500614,Traveling,17-09-11,2011,9,15.5,90,2.414,1,1
Turdus amaurochalinus,-47.9284143,-15.7387275,S22730484,Brazil,obs242540,S22730484,1,BR-DF,L3544967,Traveling,26-03-11,2011,3,8.666666667,60,1.207,2,1
Turdus amaurochalinus,-55.566085,-27.4621288,S23663879,Argentina,obs331807,S23663879,,AR-N,L3575425,Traveling,30-05-11,2011,5,6.5,240,2,3,1
Turdus amaurochalinus,-57.0975094,-28.5407081,S152026504,Argentina,obs137063,S152026504,1,AR-W,L3659919,Traveling,12-11-11,2011,11,14.75,180,4,8,1
Turdus amaurochalinus,-47.36851,-22.37532,S24568435,Brazil,obs557268,S24568435,,BR-SP,L3841221,Stationary,21-10-11,2011,10,15,150,0,1,1
Turdus amaurochalinus,-54.1687833,-25.8573167,S44750982,Argentina,obs435732,S44750982,2,AR-N,L495969,Traveling,01-11-11,2011,11,15.58333333,130,3,3,1
Turdus amaurochalinus,-44.9390173,-23.3298433,S36287905,Brazil,obs293385,S36287905,1,BR-SP,L5750781,Traveling,17-11-11,2011,11,7,300,3,1,1
Turdus amaurochalinus,-44.5227256,-22.4021095,S43611354,Brazil,obs536027,S43611354,,BR-RJ,L5764849,Traveling,10-06-11,2011,6,7,240,2,3,1
Turdus amaurochalinus,-57.4549448,-37.7714548,S44458592,Argentina,obs919707,S44458592,1,AR-B,L5818531,Traveling,05-06-11,2011,6,14,120,2,2,1
Turdus amaurochalinus,-48.4107265,-24.2152403,S22468606,Brazil,obs486435,S22468606,1,BR-SP,L788907,Traveling,18-09-11,2011,9,15.75,15,0.805,3,1
Turdus amaurochalinus,-53.9279216,-34.3174325,S52884063,Uruguay,obs267395,S52884063,2,UY-RO,L8011635,Traveling,08-03-11,2011,3,9,80,0.6,3,1
Turdus amaurochalinus,-58.7883568,-33.4984608,S45334806,Argentina,obs496887,S45334806,,AR-E,L844920,Traveling,29-01-11,2011,1,15,210,2,3,1
Turdus amaurochalinus,-56.857471,-16.7480953,S8868998,Brazil,obs99498,S8868998,1,BR-MT,L875421,Traveling,25-08-11,2011,8,6.5,270,5,9,1
Turdus amaurochalinus,-58.2115746,-31.8714351,S38081863,Argentina,obs919707,S38081863,,AR-E,L951685,Traveling,30-07-11,2011,7,7.833333333,160,5,2,1
Turdus amaurochalinus,-42.7725564,-22.4528318,S122377485,Brazil,obs598607,S122377485,1,BR-RJ,L984262,Traveling,07-06-11,2011,6,13,180,3.75,2,1
Turdus amaurochalinus,-68.7521195,-11.0189001,S11791374,Bolivia,obs220662,S11791374,4,BO-N,L997319,Traveling,29-08-11,2011,8,16.5,90,3.219,2,1
Turdus amaurochalinus,-56.3662483,-21.4616297,S60559317,Brazil,obs692284,S60559317,,BR-MS,L10022562,Traveling,14-11-12,2012,11,6,240,2,3,1
Turdus amaurochalinus,-65.4196358,-16.9726589,S67948919,Bolivia,obs1400051,S67948919,,BO-C,L1008514,Traveling,03-12-12,2012,12,6.5,180,4.828,1,1
Turdus amaurochalinus,-46.3691,-20.3274,S94292981,Brazil,obs623195,S94292981,1,BR-MG,L1123067,Stationary,30-08-12,2012,8,15.18333333,100,0,3,1
Turdus amaurochalinus,-58.2090095,-31.8665164,S70553614,Argentina,obs429241,S70553614,1,AR-E,L11718705,Stationary,31-07-12,2012,7,14.33333333,10,0,2,1
Turdus amaurochalinus,-58.2100312,-31.8745604,S70553852,Argentina,obs429241,S70553852,1,AR-E,L11718735,Traveling,31-07-12,2012,7,14.83333333,70,3,2,1
Turdus amaurochalinus,-58.2086001,-31.863285,S70554155,Argentina,obs429241,S70554155,2,AR-E,L11718783,Traveling,31-07-12,2012,7,16.33333333,60,2,2,1
Turdus amaurochalinus,-58.0104912,-31.3106599,S70554352,Argentina,obs429241,S70554352,1,AR-E,L11718838,Stationary,01-08-12,2012,8,9,10,0,2,1
Turdus amaurochalinus,-58.067558,-29.8656918,S70663368,Argentina,obs429241,S70663368,1,AR-W,L11739334,Stationary,01-08-12,2012,8,14.41666667,30,0,2,1
Turdus amaurochalinus,-57.1860694,-28.5374907,S70806415,Argentina,obs429241,S70806415,1,AR-W,L11768610,Stationary,02-08-12,2012,8,10.51666667,10,0,2,1
Turdus amaurochalinus,-57.1792084,-28.5371746,S70807978,Argentina,obs429241,S70807978,1,AR-W,L11768774,Stationary,02-08-12,2012,8,10.83333333,70,0,2,1
Turdus amaurochalinus,-57.1966505,-28.5462608,S70822791,Argentina,obs429241,S70822791,1,AR-W,L11771844,Traveling,02-08-12,2012,8,17.5,40,3,2,1
Turdus amaurochalinus,-57.1134904,-28.5217289,S70871653,Argentina,obs429241,S70871653,1,AR-W,L11781845,Stationary,03-08-12,2012,8,7.333333333,45,0,2,1
Turdus amaurochalinus,-57.2237607,-28.5717634,S70930181,Argentina,obs429241,S70930181,1,AR-W,L11793532,Stationary,04-08-12,2012,8,9,15,0,2,1
Turdus amaurochalinus,-58.2120991,-28.0479192,S71143135,Argentina,obs429241,S71143135,1,AR-W,L11833457,Stationary,05-08-12,2012,8,8.083333333,10,0,2,1
Turdus amaurochalinus,-58.1094358,-28.0364651,S71181050,Argentina,obs429241,S71181050,1,AR-W,L11841036,Stationary,05-08-12,2012,8,8.483333333,10,0,2,1
Turdus amaurochalinus,-58.037155,-28.0139554,S71183174,Argentina,obs429241,S71183174,3,AR-W,L11841388,Traveling,05-08-12,2012,8,9.166666667,120,2,2,1
Turdus amaurochalinus,-58.0287211,-28.0175949,S71183273,Argentina,obs429241,S71183273,1,AR-W,L11841445,Stationary,05-08-12,2012,8,12.08333333,120,0,2,1
Turdus amaurochalinus,-58.0372288,-28.0142773,S71183371,Argentina,obs429241,S71183371,1,AR-W,L11841478,Stationary,05-08-12,2012,8,11.25,42,0,2,1
Turdus amaurochalinus,-58.0295217,-28.0179968,S71183573,Argentina,obs429241,S71183573,1,AR-W,L11841496,Traveling,05-08-12,2012,8,14.16666667,105,3,2,1
Turdus amaurochalinus,-58.0304511,-28.0338999,S71183707,Argentina,obs429241,S71183707,3,AR-W,L11841550,Stationary,05-08-12,2012,8,16,50,0,2,1
Turdus amaurochalinus,-54.4509841,-25.6781775,S71357923,Argentina,obs429241,S71357923,2,AR-N,L11874953,Traveling,09-08-12,2012,8,14.91666667,140,3,2,1
Turdus amaurochalinus,-55.1084258,-27.4993771,S71694482,Argentina,obs429241,S71694482,1,AR-N,L11937560,Stationary,13-08-12,2012,8,16.66666667,10,0,2,1
Turdus amaurochalinus,-55.1507107,-27.4922473,S71695017,Argentina,obs429241,S71695017,1,AR-N,L11937589,Stationary,13-08-12,2012,8,17,50,0,2,1
Turdus amaurochalinus,-58.9646689,-27.3333776,S71977714,Argentina,obs429241,S71977714,1,AR-H,L11940480,Stationary,16-08-12,2012,8,7,50,0,2,1
Turdus amaurochalinus,-58.6136904,-27.2916472,S71764347,Argentina,obs429241,S71764347,3,AR-H,L11950141,Stationary,15-08-12,2012,8,12.5,150,0,2,1
Turdus amaurochalinus,-58.7737097,-27.3477705,S71804228,Argentina,obs429241,S71804228,3,AR-H,L11957677,Stationary,15-08-12,2012,8,16.08333333,20,0,2,1
Turdus amaurochalinus,-58.0338817,-25.2521468,S72158046,Argentina,obs429241,S72158046,1,AR-P,L12022820,Stationary,18-08-12,2012,8,10.75,30,0,2,1
Turdus amaurochalinus,-58.3411934,-25.0837798,S72535814,Argentina,obs429241,S72535814,1,AR-P,L12092709,Stationary,20-08-12,2012,8,9.833333333,20,0,2,1
Turdus amaurochalinus,-65.5945163,-38.0040903,S73363194,Argentina,obs429241,S73363194,1,AR-L,L12239989,Traveling,28-07-12,2012,7,10.83333333,210,5,2,1
Turdus amaurochalinus,-68.4513277,-34.8209325,S73878437,Argentina,obs429241,S73878437,1,AR-M,L12338393,Stationary,17-04-12,2012,4,11.5,10,0,2,1
Turdus amaurochalinus,-68.5153426,-34.8289645,S73879436,Argentina,obs429241,S73879436,2,AR-M,L12338567,Stationary,17-04-12,2012,4,12.5,20,0,2,1
Turdus amaurochalinus,-63.186,-17.8775,S11645399,Bolivia,obs112693,S11645399,3,BO-S,L1326335,Traveling,23-09-12,2012,9,8.083333333,45,0.1,1,1
Turdus amaurochalinus,-42.9588227,-22.4137574,S80215311,Brazil,obs246085,S80215311,2,BR-RJ,L13450213,Stationary,04-09-12,2012,9,7.5,60,0,2,1
Turdus amaurochalinus,-66.1346619,-17.3922431,S9583393,Bolivia,obs220662,S9583393,3,BO-C,L1375380,Traveling,14-01-12,2012,1,6.5,30,1.609,1,1
Turdus amaurochalinus,-63.172,-17.903,S9588484,Bolivia,obs112693,S9588484,1,BO-S,L1376365,Traveling,14-01-12,2012,1,16.33333333,20,2.5,2,1
Turdus amaurochalinus,-57.7872841,-18.9687498,S9620900,Bolivia,obs220662,S9620900,6,BO-S,L1381705,Traveling,16-01-12,2012,1,17,60,2.414,1,1
Turdus amaurochalinus,-56.1480954,-34.9204809,S9710669,Uruguay,obs101570,S9710669,,UY-MO,L1396585,Traveling,28-01-12,2012,1,16,120,4.828,1,1
Turdus amaurochalinus,-56.8772335,-16.7581146,S11588871,Brazil,obs94083,S11588871,1,BR-MT,L1464769,Traveling,08-09-12,2012,9,16.16666667,110,0.805,2,1
Turdus amaurochalinus,-44.7161365,-23.2194985,S102187423,Brazil,obs1149399,S102187423,1,BR-RJ,L1465418,Stationary,08-10-12,2012,10,8,30,0,1,1
Turdus amaurochalinus,-63.2738392,-20.3307357,S10970497,Bolivia,obs220662,S10970497,1,BO-S,L1493504,Traveling,09-06-12,2012,6,7,150,1.609,2,1
Turdus amaurochalinus,-54.6354702,-25.4473016,S10494093,Paraguay,obs41831,S10494093,3,PY-10,L1502593,Traveling,11-04-12,2012,4,10,60,0.805,2,1
Turdus amaurochalinus,-63.3819001,-17.7053887,S10686472,Bolivia,obs220662,S10686472,1,BO-S,L1530598,Traveling,06-05-12,2012,5,7,120,4.828,2,1
Turdus amaurochalinus,-59.5720348,-18.3519301,S10953302,Bolivia,obs220662,S10953302,1,BO-S,L1580160,Traveling,31-05-12,2012,5,6.5,180,4.023,2,1
Turdus amaurochalinus,-63.2600557,-20.4321028,S10970485,Bolivia,obs220662,S10970485,1,BO-S,L1583914,Traveling,08-06-12,2012,6,16,120,2.092,2,1
Turdus amaurochalinus,-43.3257098,-23.0086147,S11899857,Brazil,obs237658,S11899857,1,BR-RJ,L1603861,Traveling,30-09-12,2012,9,12,60,1.609,2,1
Turdus amaurochalinus,-57.5935378,-25.2989299,S11141777,Paraguay,obs1479,S11141777,2,PY-ASU,L1621514,Stationary,03-07-12,2012,7,7.75,75,0,1,1
Turdus amaurochalinus,-57.6017114,-25.2905206,S11141800,Paraguay,obs1479,S11141800,4,PY-ASU,L1621516,Stationary,03-07-12,2012,7,10,30,0,1,1
Turdus amaurochalinus,-57.5723559,-25.249005,S11141839,Paraguay,obs1479,S11141839,10,PY-ASU,L1621522,Traveling,04-07-12,2012,7,14.5,120,2,2,1
Turdus amaurochalinus,-42.9594488,-22.4141885,S11632892,Brazil,obs139610,S11632892,1,BR-RJ,L1757575,Stationary,04-09-12,2012,9,8,60,0,9,1
Turdus amaurochalinus,-65.4271595,-16.9732252,S11908923,Bolivia,obs220662,S11908923,4,BO-C,L1776220,Traveling,26-09-12,2012,9,6.5,120,3.219,9,1
Turdus amaurochalinus,-66.3314717,-17.5844586,S11791741,Bolivia,obs220662,S11791741,1,BO-C,L1776300,Traveling,06-08-12,2012,8,8.5,60,1.609,2,1
Turdus amaurochalinus,-64.8222249,-17.0915645,S11791754,Bolivia,obs220662,S11791754,1,BO-C,L1776304,Traveling,05-08-12,2012,8,10.5,60,1.609,4,1
Turdus amaurochalinus,-63.6700337,-19.5047758,S11801532,Bolivia,obs220662,S11801532,6,BO-S,L1777528,Traveling,29-08-12,2012,8,3,120,1.609,6,1
Turdus amaurochalinus,-64.9695672,-14.868481,S11801678,Bolivia,obs220662,S11801678,2,BO-B,L1777546,Traveling,24-08-12,2012,8,16.5,120,3.219,4,1
Turdus amaurochalinus,-69.0544504,-12.5560429,S11981602,Peru,obs152889,S11981602,1,PE-MDD,L1799116,Traveling,30-10-12,2012,10,15.41666667,185,2,8,1
Turdus amaurochalinus,-54.550476,-25.624685,S12054732,Argentina,obs176459,S12054732,2,AR-N,L1808205,Traveling,16-11-12,2012,11,16.03333333,175,0.402,7,1
Turdus amaurochalinus,-56.346172,-34.792675,S12231039,Uruguay,obs54836,S12231039,2,UY-MO,L1827994,Traveling,04-12-12,2012,12,9,90,1.497,9,1
Turdus amaurochalinus,-58.3594786,-34.6081262,S12268728,Argentina,obs252606,S12268728,1,AR-C,L1833012,Traveling,30-11-12,2012,11,12,120,2,1,1
Turdus amaurochalinus,-58.4795846,-34.4919659,S12268725,Argentina,obs252606,S12268725,1,AR-B,L1833015,Traveling,01-12-12,2012,12,10,120,2,1,1
Turdus amaurochalinus,-53.530291,-33.689991,S12277808,Uruguay,obs54836,S12277808,2,UY-RO,L1834234,Traveling,12-12-12,2012,12,8.5,18,0.097,10,1
Turdus amaurochalinus,-56.2014177,-34.8603818,S12317725,Uruguay,obs348227,S12317725,3,UY-MO,L1841273,Traveling,30-06-12,2012,6,3,120,1,2,1
Turdus amaurochalinus,-65.0546837,-32.3302954,S123122149,Argentina,obs1181384,S123122149,,AR-D,L2099560,Traveling,26-03-12,2012,3,9.083333333,180,2,3,1
Turdus amaurochalinus,-58.0685806,-34.8645247,S15230909,Argentina,obs239338,S15230909,1,AR-B,L2168779,Traveling,01-03-12,2012,3,17,150,3.219,1,1
Turdus amaurochalinus,-43.5066104,-20.382758,S14094708,Brazil,obs411023,S14094708,1,BR-MG,L2169506,Stationary,16-12-12,2012,12,16,120,0,1,1
Turdus amaurochalinus,-66.1058349,-17.3658354,S127894751,Bolivia,obs932635,S127894751,,BO-C,L22513598,Traveling,25-09-12,2012,9,6.333333333,130,1.2,2,1
Turdus amaurochalinus,-64.5283914,-30.8548582,S15308533,Argentina,obs428198,S15308533,3,AR-X,L2373852,Traveling,28-04-12,2012,4,7,240,4,1,1
Turdus amaurochalinus,-64.495368,-32.0919553,S15682626,Argentina,obs433235,S15682626,2,AR-X,L2424237,Traveling,09-01-12,2012,1,7.666666667,300,3,2,1
Turdus amaurochalinus,-54.8868333,-34.8076667,S26043147,Uruguay,obs521961,S26043147,,UY-MA,L2761560,Stationary,19-08-12,2012,8,15.38333333,50,0,1,1
Turdus amaurochalinus,-58.6196136,-27.290028,S88049302,Argentina,obs616524,S88049302,,AR-H,L2762188,Traveling,11-08-12,2012,8,7,300,5,3,1
Turdus amaurochalinus,-57.9562072,-34.844971,S22387700,Argentina,obs559056,S22387700,,AR-B,L2763352,Traveling,24-11-12,2012,11,8,300,3,1,1
Turdus amaurochalinus,-58.4791667,-34.492,S11874212,Argentina,obs308886,S11874212,,AR-B,L2763416,Traveling,26-10-12,2012,10,10.75,90,2,8,1
Turdus amaurochalinus,-64.3544555,-31.3639212,S18672731,Argentina,obs429240,S18672731,1,AR-X,L2837723,Traveling,22-01-12,2012,1,10.75,105,1,1,1
Turdus amaurochalinus,-41.7973995,-20.4385144,S70539831,Brazil,obs1058200,S70539831,1,BR-ES,L3019593,Stationary,07-10-12,2012,10,6.333333333,60,0,2,1
Turdus amaurochalinus,-58.6380351,-34.338298,S19516314,Argentina,obs529484,S19516314,1,AR-B,L3045220,Traveling,19-07-12,2012,7,15.66666667,120,3,3,1
Turdus amaurochalinus,-58.9503729,-27.3189524,S71980360,Argentina,obs429241,S71980360,2,AR-H,L3134671,Traveling,16-08-12,2012,8,8.016666667,110,2.5,2,1
Turdus amaurochalinus,-64.6157241,-31.3316544,S21654079,Argentina,obs559056,S21654079,,AR-X,L3334693,Stationary,20-01-12,2012,1,7,300,0,1,1
Turdus amaurochalinus,-63.5983515,-18.1051884,S11222306,Bolivia,obs220662,S11222306,1,BO-S,L3401986,Traveling,22-07-12,2012,7,23.5,60,3.219,4,1
Turdus amaurochalinus,-44.7365456,-23.0946914,S22118025,Brazil,obs556494,S22118025,,BR-RJ,L3447134,Traveling,13-11-12,2012,11,6.5,150,1.609,1,1
Turdus amaurochalinus,-64.2702341,-32.1793175,S23709706,Argentina,obs428198,S23709706,,AR-X,L3511502,Traveling,22-07-12,2012,7,9,300,5,8,1
Turdus amaurochalinus,-58.8965618,-34.2246863,S22762430,Argentina,obs287743,S22762430,,AR-B,L3701234,Traveling,09-12-12,2012,12,8,180,3.219,1,1
Turdus amaurochalinus,-56.4031649,-21.4918073,S60485507,Brazil,obs692284,S60485507,,BR-MS,L3721188,Traveling,30-05-12,2012,5,6,240,1,6,1
Turdus amaurochalinus,-46.8169954,-23.824349,S119219714,Brazil,obs656519,S119219714,1,BR-SP,L3836506,Traveling,18-07-12,2012,7,10,60,0.5,1,1
Turdus amaurochalinus,-46.36617,-20.25026,S24657967,Brazil,obs557268,S24657967,,BR-MG,L3855518,Stationary,02-12-12,2012,12,7.5,180,0,2,1
Turdus amaurochalinus,-50.0588079,-6.0644239,S78494661,Brazil,obs280745,S78494661,1,BR-PA,L4145783,Traveling,13-05-12,2012,5,9,120,4,1,1
Turdus amaurochalinus,-46.6363192,-23.4522231,S119218619,Brazil,obs656519,S119218619,1,BR-SP,L4402171,Traveling,24-06-12,2012,6,15,60,3,1,1
Turdus amaurochalinus,-57.5189209,-25.2496644,S10477186,Paraguay,obs41831,S10477186,3,PY-11,L470554,Traveling,09-04-12,2012,4,8,240,1.609,2,1
Turdus amaurochalinus,-57.5093937,-25.282808,S10478493,Paraguay,obs41831,S10478493,8,PY-11,L473689,Traveling,06-04-12,2012,4,7.5,240,1.609,1,1
Turdus amaurochalinus,-64.633333,-24.7,S41033897,Argentina,obs978621,S41033897,,AR-A,L4815195,Traveling,23-06-12,2012,6,8.75,240,5,1,1
Turdus amaurochalinus,-57.1742249,-28.5355205,S88101771,Argentina,obs616524,S88101771,,AR-W,L484766,Traveling,12-09-12,2012,9,7,300,5,2,1
Turdus amaurochalinus,-53.9816667,-26.5207167,S71647715,Argentina,obs429241,S71647715,1,AR-N,L495974,Stationary,12-08-12,2012,8,12.66666667,40,0,2,1
Turdus amaurochalinus,-54.1021667,-26.6323333,S71685195,Argentina,obs429241,S71685195,3,AR-N,L496012,Stationary,13-08-12,2012,8,11.25,110,0,2,1
Turdus amaurochalinus,-58.0099427,-31.5308509,S37865887,Argentina,obs919707,S37865887,,AR-E,L6032146,Traveling,08-02-12,2012,2,10,240,3,2,1
Turdus amaurochalinus,-54.9006343,-34.9095038,S12303314,Uruguay,obs54836,S12303314,1,UY-MA,L604230,Traveling,15-12-12,2012,12,3.283333333,40,0.998,10,1
Turdus amaurochalinus,-53.5389304,-33.6893886,S12277684,Uruguay,obs54836,S12277684,2,UY-RO,L604245,Traveling,12-12-12,2012,12,6.75,45,0.193,1,1
Turdus amaurochalinus,-67.7323437,-16.1861564,S11806963,Bolivia,obs220662,S11806963,2,BO-L,L751278,Traveling,20-09-12,2012,9,7.5,180,3.219,9,1
Turdus amaurochalinus,-45.206293,-23.520264,S46495407,Brazil,obs519133,S46495407,1,BR-SP,L7560717,Stationary,15-09-12,2012,9,12.5,80,0,3,1
Turdus amaurochalinus,-58.3869696,-34.7523765,S49325171,Argentina,obs530788,S49325171,,AR-B,L8050668,Stationary,26-10-12,2012,10,16.15,100,0,2,1
Turdus amaurochalinus,-59.6138763,-26.8058397,S72903679,Argentina,obs429241,S72903679,1,AR-H,L847584,Traveling,21-08-12,2012,8,14.75,80,3,2,1
Turdus amaurochalinus,-54.8276246,-27.0588869,S20226834,Argentina,obs535937,S20226834,,AR-N,L859262,Traveling,10-11-12,2012,11,14.5,90,4.828,7,1
Turdus amaurochalinus,-58.1289783,-25.1747967,S88078304,Argentina,obs616524,S88078304,,AR-P,L9220621,Traveling,21-08-12,2012,8,7,300,5,3,1
Turdus amaurochalinus,-58.1555558,-25.0901444,S72257795,Argentina,obs429241,S72257795,1,AR-P,L9222210,Stationary,19-08-12,2012,8,10.25,20,0,2,1
Turdus amaurochalinus,-54.5487607,-25.606856,S20228352,Argentina,obs535937,S20228352,,AR-N,L956073,Traveling,12-11-12,2012,11,16,60,3.219,7,1
Turdus amaurochalinus,-54.4481071,-25.6754131,S71918402,Argentina,obs137063,S71918402,2,AR-N,L9666703,Traveling,22-11-12,2012,11,7.75,180,1,9,1
Turdus amaurochalinus,-66.1402702,-17.4159211,S11806981,Bolivia,obs220662,S11806981,30,BO-C,L997348,Traveling,17-09-12,2012,9,5.5,60,1.609,9,1
Turdus amaurochalinus,-56.5455475,-20.9733265,S60721178,Brazil,obs692284,S60721178,,BR-MS,L10046268,Traveling,10-03-13,2013,3,6,120,1,2,1
Turdus amaurochalinus,-53.8992691,-27.1505053,S20280586,Argentina,obs541066,S20280586,1,AR-N,L1068495,Traveling,19-09-13,2013,9,8,300,4,8,1
Turdus amaurochalinus,-48.6405426,-26.0816713,S15783685,Brazil,obs412230,S15783685,6,BR-SC,L1417154,Traveling,26-11-13,2013,11,6.5,135,1,2,1
Turdus amaurochalinus,-57.1731547,-28.5366539,S88271734,Argentina,obs616524,S88271734,,AR-W,L14963071,Stationary,27-05-13,2013,5,7,300,0,1,1
Turdus amaurochalinus,-45.8791902,-23.1389772,S143360600,Brazil,obs958165,S143360600,1,BR-SP,L15434384,Traveling,08-06-13,2013,6,7.083333333,195,2,1,1
Turdus amaurochalinus,-45.0130725,-23.4037104,S14249946,Brazil,obs6441,S14249946,2,BR-SP,L1546447,Traveling,26-05-13,2013,5,15.86666667,120,1.609,1,1
Turdus amaurochalinus,-58.5181189,-34.7329898,S68120570,Argentina,obs981593,S68120570,1,AR-B,L16802913,Traveling,15-11-13,2013,11,10,180,4.828,2,1
Turdus amaurochalinus,-64.5500744,-31.4900704,S68120571,Argentina,obs981593,S68120571,2,AR-X,L16803393,Traveling,16-11-13,2013,11,14.5,120,4.828,7,1
Turdus amaurochalinus,-54.1122365,-26.6358848,S12822516,Argentina,obs112517,S12822516,1,AR-N,L1856750,Traveling,13-01-13,2013,1,6.75,120,0.4,1,1
Turdus amaurochalinus,-42.77114,-22.4525,S12501488,Brazil,obs121883,S12501488,2,BR-RJ,L1863569,Traveling,04-01-13,2013,1,15.5,240,4.828,3,1
Turdus amaurochalinus,-42.79414,-22.4711,S12475628,Brazil,obs121883,S12475628,1,BR-RJ,L1863570,Traveling,03-01-13,2013,1,16,100,1.609,3,1
Turdus amaurochalinus,-63.1960837,-17.834695,S12623326,Bolivia,obs125350,S12623326,25,BO-S,L1888477,Traveling,15-01-13,2013,1,15.5,180,1.5,3,1
Turdus amaurochalinus,-58.0914974,-32.2723655,S12969174,Uruguay,obs361109,S12969174,1,UY-PA,L1940318,Traveling,15-02-13,2013,2,19.5,15,3,2,1
Turdus amaurochalinus,-58.0962905,-32.2654551,S13008152,Uruguay,obs361109,S13008152,1,UY-PA,L1956530,Traveling,16-02-13,2013,2,17,15,1,1,1
Turdus amaurochalinus,-66.153,-17.374,S13531786,Bolivia,obs112693,S13531786,5,BO-C,L2083196,Traveling,26-03-13,2013,3,15.58333333,55,0.1,1,1
Turdus amaurochalinus,-43.0757618,-22.321394,S15835723,Brazil,obs237658,S15835723,3,BR-RJ,L2135231,Traveling,24-11-13,2013,11,10.01666667,300,1.996,2,1
Turdus amaurochalinus,-56.2000036,-34.8593131,S13987284,Uruguay,obs409046,S13987284,,UY-MO,L2152850,Traveling,06-03-13,2013,3,15,60,1,2,1
Turdus amaurochalinus,-58.3753191,-34.5943728,S14449212,Argentina,obs274194,S14449212,2,AR-C,L2237072,Traveling,16-06-13,2013,6,11,120,3,1,1
Turdus amaurochalinus,-56.3425255,-34.7885719,S14452328,Uruguay,obs193348,S14452328,1,UY-MO,L2237774,Traveling,17-06-13,2013,6,8,60,1.609,3,1
Turdus amaurochalinus,-56.5292931,-34.7251069,S14452383,Uruguay,obs193348,S14452383,2,UY-SJ,L2237789,Traveling,17-06-13,2013,6,9.25,90,4.023,3,1
Turdus amaurochalinus,-69.2292738,-32.9697876,S14572925,Argentina,obs192625,S14572925,1,AR-M,L2263207,Traveling,22-06-13,2013,6,12,120,3,2,1
Turdus amaurochalinus,-69.5846128,-13.0773464,S14928717,Peru,obs169881,S14928717,1,PE-MDD,L2312008,Stationary,10-07-13,2013,7,6,150,0,1,1
Turdus amaurochalinus,-46.0473704,-23.385395,S14968861,Brazil,obs423757,S14968861,2,BR-SP,L2327290,Traveling,03-08-13,2013,8,7.5,120,3.219,2,1
Turdus amaurochalinus,-64.4006807,-31.2322017,S15074081,Argentina,obs420155,S15074081,,AR-X,L2342295,Traveling,01-09-13,2013,9,10,120,4.828,1,1
Turdus amaurochalinus,-64.3472376,-31.2598663,S15080898,Argentina,obs420155,S15080898,,AR-X,L2343285,Traveling,01-09-13,2013,9,8.5,45,0.5,1,1
Turdus amaurochalinus,-64.3048507,-31.2787778,S15081187,Argentina,obs420155,S15081187,,AR-X,L2343339,Stationary,31-08-13,2013,8,3,120,0,1,1
Turdus amaurochalinus,-62.7007985,-32.6271232,S15400612,Argentina,obs422723,S15400612,3,AR-X,L2343814,Traveling,12-10-13,2013,10,15,120,2,2,1
Turdus amaurochalinus,-58.4824133,-34.5924843,S15569559,Argentina,obs433802,S15569559,,AR-C,L2347597,Traveling,19-10-13,2013,10,9.5,180,3,10,1
Turdus amaurochalinus,-55.81616,-15.4781,S15142143,Brazil,obs37316,S15142143,2,BR-MT,L2351148,Traveling,10-09-13,2013,9,8.416666667,223,3.1,1,1
Turdus amaurochalinus,-44.606374,-22.327141,S15157171,Brazil,obs124466,S15157171,1,BR-MG,L2354007,Traveling,12-09-13,2013,9,6.166666667,97,0.097,1,1
Turdus amaurochalinus,-60.8045197,-32.9372338,S15242618,Argentina,obs428541,S15242618,2,AR-S,L2364766,Traveling,22-09-13,2013,9,14,240,2,3,1
Turdus amaurochalinus,-42.4505633,-22.2662071,S15253168,Brazil,obs237658,S15253168,1,BR-RJ,L2366106,Traveling,22-09-13,2013,9,8,240,1.609,2,1
Turdus amaurochalinus,-47.6991177,-15.6619658,S15261837,Brazil,obs428855,S15261837,2,BR-DF,L2367229,Traveling,25-09-13,2013,9,16.5,90,3,1,1
Turdus amaurochalinus,-58.6998653,-34.4949561,S15610487,Argentina,obs429106,S15610487,,AR-B,L2369079,Traveling,08-11-13,2013,11,8.5,120,2,2,1
Turdus amaurochalinus,-68.8322639,-32.900056,S15353763,Argentina,obs428198,S15353763,5,AR-M,L2379762,Stationary,05-10-13,2013,10,10,300,0,1,1
Turdus amaurochalinus,-57.2306585,-35.2727864,S15401947,Argentina,obs430966,S15401947,2,AR-B,L2386846,Traveling,12-10-13,2013,10,10.16666667,300,5,7,1
Turdus amaurochalinus,-57.7030063,-25.3374095,S15524571,Argentina,obs432735,S15524571,4,AR-P,L2403791,Traveling,30-10-13,2013,10,9.916666667,120,2,10,1
Turdus amaurochalinus,-58.4793234,-34.490615,S15531734,Argentina,obs426915,S15531734,,AR-B,L2404918,Traveling,14-10-13,2013,10,11.5,90,1,3,1
Turdus amaurochalinus,-64.5635605,-31.9656342,S15545142,Argentina,obs433393,S15545142,1,AR-X,L2407045,Traveling,19-07-13,2013,7,9.5,120,1,1,1
Turdus amaurochalinus,-58.50428,-34.7074,S15552191,Argentina,obs433393,S15552191,2,AR-B,L2408080,Traveling,03-11-13,2013,11,10.75,30,1.5,1,1
Turdus amaurochalinus,-46.3648952,-20.2471114,S15712914,Brazil,obs152076,S15712914,1,BR-MG,L2428356,Stationary,18-10-13,2013,10,8,45,0,1,1
Turdus amaurochalinus,-68.9225578,-32.8801278,S48425107,Argentina,obs496887,S48425107,,AR-M,L2441417,Traveling,06-12-13,2013,12,14,240,3,1,1
Turdus amaurochalinus,-58.4161949,-34.659334,S15827599,Argentina,obs420155,S15827599,,AR-C,L2443980,Traveling,01-12-13,2013,12,8.25,120,4,9,1
Turdus amaurochalinus,-66.736,-16.743,S16087009,Bolivia,obs156275,S16087009,20,BO-C,L2461567,Traveling,11-11-13,2013,11,6.5,180,2,2,1
Turdus amaurochalinus,-66.789,-16.762,S16101542,Bolivia,obs156275,S16101542,1,BO-L,L2461570,Traveling,22-11-13,2013,11,5.833333333,300,2,1,1
Turdus amaurochalinus,-57.2844315,-28.5380842,S17910950,Argentina,obs433235,S17910950,1,AR-W,L2464776,Traveling,17-05-13,2013,5,8.25,240,3,1,1
Turdus amaurochalinus,-57.5745392,-25.2469085,S15969239,Paraguay,obs41831,S15969239,15,PY-ASU,L2467484,Traveling,29-11-13,2013,11,8.5,180,1.609,2,1
Turdus amaurochalinus,-58.8743591,-34.4239033,S15980266,Argentina,obs92721,S15980266,2,AR-B,L2468677,Stationary,16-11-13,2013,11,12,240,0,1,1
Turdus amaurochalinus,-64.4721186,-31.0241633,S15997291,Argentina,obs220662,S15997291,1,AR-X,L2470673,Stationary,16-12-13,2013,12,9,120,0,2,1
Turdus amaurochalinus,-58.8887787,-34.2125214,S16027107,Argentina,obs220662,S16027107,2,AR-B,L2475074,Traveling,20-12-13,2013,12,9,60,1.609,2,1
Turdus amaurochalinus,-58.4797418,-34.4925244,S16046343,Argentina,obs336789,S16046343,,AR-B,L2478556,Traveling,21-12-13,2013,12,14,120,3.219,2,1
Turdus amaurochalinus,-62.6909924,-20.0089194,S16064602,Bolivia,obs156275,S16064602,2,BO-S,L2481001,Traveling,02-11-13,2013,11,11.66666667,150,4,2,1
Turdus amaurochalinus,-66.7247772,-16.7449207,S16086854,Bolivia,obs156275,S16086854,4,BO-C,L2484813,Traveling,10-11-13,2013,11,6.25,240,4,1,1
Turdus amaurochalinus,-58.671424,-33.502181,S40380789,Argentina,obs438515,S40380789,,AR-E,L2507409,Traveling,10-11-13,2013,11,9,240,5,1,1
Turdus amaurochalinus,-40.5996752,-19.9361692,S15721280,Brazil,obs152076,S15721280,1,BR-ES,L2513927,Traveling,03-11-13,2013,11,14,120,0.322,1,1
Turdus amaurochalinus,-54.9155144,-34.8782967,S26014112,Uruguay,obs521961,S26014112,3,UY-MA,L2762433,Traveling,05-01-13,2013,1,7.5,240,4,1,1
Turdus amaurochalinus,-64.2472744,-31.1744755,S24470711,Argentina,obs532197,S24470711,2,AR-X,L2762762,Traveling,13-11-13,2013,11,9,180,5,1,1
Turdus amaurochalinus,-65.0333333,-32.35,S23824975,Argentina,obs630603,S23824975,1,AR-D,L2763496,Traveling,03-03-13,2013,3,9.616666667,180,3,1,1
Turdus amaurochalinus,-64.5925,-18.09937,S16106195,Bolivia,obs156275,S16106195,9,BO-C,L2995497,Traveling,01-12-13,2013,12,9.25,65,1.5,1,1
Turdus amaurochalinus,-42.58484,-22.351568,S31120158,Brazil,obs101732,S31120158,,BR-RJ,L3042326,Traveling,12-11-13,2013,11,8,240,3.219,5,1
Turdus amaurochalinus,-64.4815063,-31.107037,S20542875,Argentina,obs541066,S20542875,1,AR-X,L3128219,Traveling,02-03-13,2013,3,10,180,2,2,1
Turdus amaurochalinus,-64.4684601,-31.1384848,S20347135,Argentina,obs541066,S20347135,1,AR-X,L3137017,Traveling,03-03-13,2013,3,10,240,3.5,2,1
Turdus amaurochalinus,-47.5394082,-22.358768,S24580557,Brazil,obs611666,S24580557,1,BR-SP,L3842338,Traveling,02-06-13,2013,6,7.283333333,190,1.5,2,1
Turdus amaurochalinus,-40.06884,-19.380947,S25670280,Brazil,obs648594,S25670280,1,BR-ES,L3951719,Stationary,26-07-13,2013,7,7.333333333,20,0,1,1
Turdus amaurochalinus,-64.264925,-31.141925,S26039596,Argentina,obs542479,S26039596,,AR-X,L4032792,Stationary,10-04-13,2013,4,8,300,0,2,1
Turdus amaurochalinus,-44.5492,-22.9779,S59717255,Brazil,obs692284,S59717255,,BR-RJ,L4140691,Traveling,10-09-13,2013,9,6.5,240,2,3,1
Turdus amaurochalinus,-43.48618,-20.1002389,S36092307,Brazil,obs290902,S36092307,,BR-MG,L4437409,Traveling,12-11-13,2013,11,15.5,150,5,4,1
Turdus amaurochalinus,-65.5747094,-28.0675084,S30667285,Argentina,obs644969,S30667285,,AR-K,L4613423,Stationary,09-09-13,2013,9,9.883333333,40,0,1,1
Turdus amaurochalinus,-54.455452,-25.6833032,S43408790,Argentina,obs428785,S43408790,1,AR-N,L472205,Traveling,30-03-13,2013,3,12,60,2,2,1
Turdus amaurochalinus,-45.8902389,-23.1701626,S134221604,Brazil,obs958165,S134221604,1,BR-SP,L4915357,Traveling,03-08-13,2013,8,7.333333333,190,0.2,1,1
Turdus amaurochalinus,-43.9962745,-19.8547073,S60799087,Brazil,obs692284,S60799087,,BR-MG,L4956809,Traveling,11-07-13,2013,7,9.5,120,2,4,1
Turdus amaurochalinus,-64.9922419,-32.3200124,S44199245,Argentina,obs496887,S44199245,,AR-D,L5837671,Traveling,08-12-13,2013,12,8,180,1,1,1
Turdus amaurochalinus,-43.0000591,-22.4718752,S15116730,Brazil,obs124466,S15116730,1,BR-RJ,L612846,Traveling,05-09-13,2013,9,8.183333333,183,1.996,7,1
Turdus amaurochalinus,-42.5608206,-22.2189134,S15116466,Brazil,obs124466,S15116466,2,BR-RJ,L613354,Traveling,03-09-13,2013,9,14.46666667,122,1.996,5,1
Turdus amaurochalinus,-60.7362843,-32.9025783,S39241003,Argentina,obs539414,S39241003,15,AR-S,L6257019,Traveling,28-04-13,2013,4,14.5,155,1.4,2,1
Turdus amaurochalinus,-54.5639205,-25.6048436,S43407568,Argentina,obs428785,S43407568,2,AR-N,L7023892,Stationary,29-03-13,2013,3,10,60,0,2,1
Turdus amaurochalinus,-45.05881,-23.39938,S16282030,Brazil,obs100700,S16282030,1,BR-SP,L786369,Traveling,30-10-13,2013,10,6,150,1.609,2,1
Turdus amaurochalinus,-44.996436,-23.397654,S52291717,Brazil,obs1136585,S52291717,,BR-SP,L8541629,Stationary,22-02-13,2013,2,13.5,60,0,2,1
Turdus amaurochalinus,-44.6242332,-22.406585,S60721764,Brazil,obs692284,S60721764,,BR-RJ,L935809,Stationary,21-03-13,2013,3,8,180,0,1,1
Turdus amaurochalinus,-61.98349,-16.1131113,S15899239,Bolivia,obs220662,S15899239,2,BO-S,L997507,Traveling,12-10-13,2013,10,5,240,4.828,1,1
Turdus amaurochalinus,-57.9541935,-35.022738,G429594,Argentina,"obs139234,obs308886","S10989375,S10995269",,AR-B,L1588492,Traveling,15-06-12,2012,6,15,120,1.207,2,1
Turdus amaurochalinus,-63.208251,-17.7437519,G8414521,Bolivia,"obs546709,obs319540","S110639929,S23062466",,BO-S,L3591278,Traveling,01-07-08,2008,7,8,240,3.219,2,1
Turdus amaurochalinus,-63.8526678,-18.7877737,G3595356,Bolivia,"obs220662,obs151424","S11923773,S50060520",1,BO-S,L1793444,Traveling,19-10-12,2012,10,8.5,180,4.828,2,1
Turdus amaurochalinus,-54.1810967,-25.8657477,G492861,Argentina,"obs131080,obs344510,obs410094","S12128612,S12129554,S14052110",6,AR-N,L1813596,Traveling,19-11-12,2012,11,6,90,2.414,2,1
Turdus amaurochalinus,-68.9794111,-12.5107485,G493173,Peru,"obs152889,obs207545","S12132794,S12134582",1,PE-MDD,L1814225,Traveling,28-10-12,2012,10,7.25,90,1,10,1
Turdus amaurochalinus,-46.5228939,-23.4919417,G9225819,Brazil,"obs511116,obs1543390","S123074394,S123074577",1,BR-SP,L1128514,Stationary,14-05-11,2011,5,8.666666667,255,0,2,1
Turdus amaurochalinus,-42.958999,-22.4142518,G956027,Brazil,"obs172079,obs195749","S12488980,S19101254",1,BR-RJ,L1865730,Stationary,04-09-12,2012,9,15,60,0,8,1
Turdus amaurochalinus,-43.488417,-20.097742,G9670727,Brazil,"obs252043,obs178682","S128449784,S15692204",3,BR-MG,L3264211,Traveling,15-10-09,2009,10,5.583333333,190,4,3,1
Turdus amaurochalinus,-64.9594116,-14.7600263,G10470877,Bolivia,"obs18062,obs1586541","S13129384,S142405911",1,BO-B,L1987084,Traveling,25-04-12,2012,4,15.08333333,85,1,2,1
Turdus amaurochalinus,-64.9734879,-14.7948828,G10470876,Bolivia,"obs18062,obs1586541","S13129488,S142405910",1,BO-B,L1987113,Traveling,25-04-12,2012,4,16.61666667,52,2.5,2,1
Turdus amaurochalinus,-66.2277778,-17.4405556,G578092,Bolivia,"obs112693,obs293684","S13205195,S13533568",1,BO-C,L2025976,Stationary,23-02-13,2013,2,10.91666667,35,0,2,1
Turdus amaurochalinus,-66.2200846,-17.4317264,G582492,Bolivia,"obs112693,obs293722,obs402345,obs293684","S13590015,S13598283,S13611533,S13714228",2,BO-C,L3005436,Traveling,30-03-13,2013,3,10.16666667,70,1,6,1
Turdus amaurochalinus,-66.22,-17.433,G336744,Bolivia,"obs411777,obs112693,obs293684,obs293722,obs293975","S14139668,S9516113,S9533044,S9538322,S9556110",8,BO-C,L1365338,Traveling,06-01-12,2012,1,7.416666667,300,4,5,1
Turdus amaurochalinus,-66.1297774,-17.3781017,G629697,Bolivia,"obs293722,obs411777,obs402345,obs415730","S14216079,S14236489,S14263144,S14399321",3,BO-C,L2188978,Traveling,22-05-13,2013,5,7.366666667,120,1,5,1
Turdus amaurochalinus,-65.7673289,-17.162182,G10466360,Bolivia,"obs350685,obs995127","S142306731,S142306746",1,BO-C,L997183,Traveling,09-07-13,2013,7,7,210,3.219,5,1
Turdus amaurochalinus,-66.3299668,-17.2759701,G10469916,Bolivia,"obs350685,obs995127","S142383005,S142383033",10,BO-C,L1059424,Traveling,11-07-13,2013,7,7,180,2.414,5,1
Turdus amaurochalinus,-66.1385322,-17.377344,G665579,Bolivia,"obs415326,obs293722","S14713338,S14762725",,BO-C,L2288543,Traveling,20-07-13,2013,7,7.666666667,110,1,2,1
Turdus amaurochalinus,-66.1343908,-17.4083865,G665580,Bolivia,obs293722,S14762726,,BO-C,L2272672,Traveling,06-07-13,2013,7,7.666666667,160,4,2,1
Turdus amaurochalinus,-46.355803,-23.1988308,G682683,Brazil,"obs419927,obs420253","S15021335,S15021364",1,BR-SP,L2334313,Stationary,26-08-13,2013,8,17.16666667,50,0,2,1
Turdus amaurochalinus,-55.6404948,-28.1763941,G715634,Argentina,"obs426825,obs429235","S15477600,S15480468",,AR-W,L2396742,Traveling,13-10-13,2013,10,15,180,1,2,1
Turdus amaurochalinus,-66.1314297,-17.3938597,G722365,Bolivia,"obs51707,obs156275","S15577488,S15578591",12,BO-C,L2411210,Traveling,05-11-13,2013,11,17.5,60,3.219,3,1
Turdus amaurochalinus,-58.4804285,-34.4928451,G733010,Argentina,"obs423266,obs426915,obs433100","S15581707,S15742542,S15750343",,AR-B,L2411606,Traveling,14-10-13,2013,10,10.75,180,1,3,1
Turdus amaurochalinus,-64.7711527,-17.1146247,G729425,Bolivia,"obs293722,obs411777","S15675165,S15692327",5,BO-C,L2423153,Traveling,16-08-13,2013,8,16.5,120,1,3,1
Turdus amaurochalinus,-71.2401581,-12.6322981,G1476360,Peru,"obs60422,obs151236,obs413039,obs238554","S15842853,S25975326,S25978751,S25983993",1,PE-MDD,L2372696,Traveling,08-10-13,2013,10,7,120,1.609,6,1
Turdus amaurochalinus,-64.56,-17.93,G754348,Bolivia,obs51707,S15918576,30,BO-S,L2461573,Traveling,01-12-13,2013,12,5.5,150,1.609,1,1
Turdus amaurochalinus,-66.131155,-17.4106437,G1158784,Bolivia,"obs195833,obs549802","S15926782,S22056543",1,BO-C,L2462190,Traveling,14-01-10,2010,1,6.5,270,3,3,1
Turdus amaurochalinus,-57.8952026,-34.8359273,G746863,Argentina,"obs240862,obs243813","S15995292,S16236192",,AR-B,L2470451,Traveling,16-12-13,2013,12,5,300,4,2,1
Turdus amaurochalinus,-66.741,-16.741,G754739,Bolivia,"obs156275,obs51707,obs297849","S16076807,S16110071,S16180682",5,BO-L,L2461566,Traveling,06-11-13,2013,11,15.5,150,1,3,1
Turdus amaurochalinus,-58.8885212,-34.2804108,G762029,Argentina,"obs217001,obs429465,obs430982","S16214922,S16216670,S16272445",,AR-B,L2478952,Traveling,20-10-12,2012,10,9,180,4,6,1
Turdus amaurochalinus,-65.3960109,-26.6602932,G897537,Argentina,"obs243813,obs428007","S18358047,S18358559",,AR-T,L2846577,Stationary,22-12-13,2013,12,16.5,250,0,2,1
Turdus amaurochalinus,-45.5721688,-22.71826,G904082,Brazil,"obs361884,obs177950","S18447759,S6852372",1,BR-SP,L989768,Traveling,28-08-10,2010,8,5.833333333,115,3.5,3,1
Turdus amaurochalinus,-63.8772422,-18.1830503,G1557202,Bolivia,"obs345071,obs360378","S22692167,S26970330",,BO-S,L994628,Stationary,14-12-13,2013,12,12.91666667,10,0,1,1
Turdus amaurochalinus,-64.5280266,-30.8505501,G1365428,Argentina,"obs423266,obs426915","S24451744,S24482167",,AR-X,L2434995,Traveling,28-02-12,2012,2,8,240,2,4,1
Turdus amaurochalinus,-46.4141035,-20.3291747,G1912917,Brazil,"obs611666,obs501068","S31449593,S31449661",,BR-MG,L3850752,Traveling,07-09-13,2013,9,5.5,240,2,3,1
Turdus amaurochalinus,-54.4382858,-25.6424549,G1952574,Brazil,"obs319430,obs137776","S31897096,S9754691",8,BR-PR,L484669,Traveling,30-03-11,2011,3,15,180,3,6,1
Turdus amaurochalinus,-63.4273767,-33.8380194,G3207473,Argentina,obs601293,S45778043,1,AR-X,L2763417,Traveling,10-10-11,2011,10,11,240,4,1,1
Turdus amaurochalinus,-65.0554991,-32.1498185,G3207474,Argentina,obs601293,S45778044,7,AR-X,L2763557,Traveling,20-01-12,2012,1,8,240,5,1,1
Turdus amaurochalinus,-64.9678333,-31.7895,G3207486,Argentina,obs601293,S45778066,5,AR-X,L2761525,Traveling,21-12-12,2012,12,7.75,225,4,1,1
Turdus amaurochalinus,-68.7939191,-32.866251,G3207490,Argentina,obs601293,S45778076,4,AR-M,L2369279,Stationary,28-09-13,2013,9,11,300,0,1,1
Turdus amaurochalinus,-64.5333333,-31.9666667,G3207542,Argentina,obs601293,S45778544,1,AR-X,L2763422,Traveling,20-12-08,2008,12,7.5,300,1.5,1,1
Turdus amaurochalinus,-64.65,-32.0666667,G3207543,Argentina,obs601293,S45778546,,AR-X,L2763423,Traveling,23-12-08,2008,12,16.33333333,85,1,1,1
Turdus amaurochalinus,-69.1270924,-32.9946269,G3207564,Argentina,obs601293,S45778587,1,AR-M,L2763533,Traveling,20-11-10,2010,11,9.5,180,2,2,1
Turdus amaurochalinus,-57.1964684,-28.5462509,G3418765,Argentina,"obs93553,obs27229","S48050249,S48068901",4,AR-W,L3913244,Traveling,04-02-10,2010,2,11,180,3.219,2,1
Turdus amaurochalinus,-58.8264334,-34.4591719,G3593350,Argentina,"obs1191008,obs347832","S50039037,S50162636",1,AR-B,L3232765,Traveling,12-06-12,2012,6,9,120,4.828,3,1
Turdus amaurochalinus,-44.6110368,-22.444906,G188742,Brazil,"obs167174,obs131779,obs107968,obs227403","S52981453,S53046089,S6774286,S6796802",1,BR-RJ,L805162,Traveling,06-08-10,2010,8,7,300,5,5,1
Turdus amaurochalinus,-57.5699893,-25.2529174,G3914672,Paraguay,"obs267395,obs1077415","S53362710,S54950510",1,PY-ASU,L8752581,Traveling,10-09-09,2009,9,15,120,1,4,1
Turdus amaurochalinus,-57.5656986,-25.2454723,G124188,Paraguay,"obs126126,obs195215","S5390455,S5394409",5,PY-ASU,L786835,Traveling,04-10-09,2009,10,14.5,180,4,4,1
Turdus amaurochalinus,-57.6330543,-25.2725243,G124161,Paraguay,"obs126126,obs195215","S5393559,S5393582",,PY-ASU,L4898876,Traveling,05-10-09,2009,10,5.5,270,3.219,4,1
Turdus amaurochalinus,-46.729249,-23.9181101,G4171048,Brazil,"obs539848,obs913669,obs657082","S56223712,S56223760,S56333534",1,BR-SP,L9258496,Traveling,28-01-13,2013,1,6.55,240,5,2,1
Turdus amaurochalinus,-46.8043496,-23.1535036,G4180938,Brazil,"obs539848,obs657082","S56234001,S56333531",4,BR-SP,L9260175,Traveling,30-07-11,2011,7,6.583333333,180,3,2,1
Turdus amaurochalinus,-56.516279,-20.9821571,G4592273,Brazil,"obs692284,obs759496","S60557642,S60722339",,BR-MS,L3686568,Traveling,15-09-12,2012,9,6,300,3,2,1
Turdus amaurochalinus,-45.5768681,-22.7221394,G194719,Brazil,"obs224742,obs230358,obs224038","S6916895,S6925575,S6930211",,BR-SP,L998903,Traveling,22-08-10,2010,8,8,120,0.6,5,1
Turdus amaurochalinus,-58.898362,-34.224851,G6859758,Argentina,"obs1227754,obs1408101","S86087284,S89832495",2,AR-B,L14558886,Traveling,19-12-08,2008,12,7.75,165,3,3,1
Turdus amaurochalinus,-69.2011052,-32.9591084,G309617,Argentina,"obs122234,obs146588,obs175526,obs189739,obs163565,obs217654,obs223506,obs54836,obs146681","S9041068,S9043679,S9044036,S9044321,S9045301,S9045466,S9045529,S9048599,S9049458",2,AR-M,L1304512,Traveling,29-10-11,2011,10,7,120,0.7,10,1
Turdus amaurochalinus,-57.195204,-28.5458658,S70758723,Argentina,obs1312265,S70758723,2,AR-W,L11759598,Traveling,17-09-03,2003,9,9.5,90,3,2,1
Turdus amaurochalinus,-44.5432091,-22.9828067,S96545917,Brazil,obs532733,S96545917,2,BR-RJ,L1177938,Traveling,11-07-03,2003,7,11.5,150,3,2,1
Turdus amaurochalinus,-49.3078208,-26.3233634,S27365559,Brazil,obs201857,S27365559,,BR-SC,L1299598,Traveling,10-09-03,2003,9,9,120,2,4,1
Turdus amaurochalinus,-57.8495407,-34.4730063,S9030873,Uruguay,obs188371,S9030873,,UY-CO,L1302776,Traveling,23-11-03,2003,11,11,300,4.828,2,1
Turdus amaurochalinus,-44.6156963,-22.4320969,S9602864,Brazil,obs281470,S9602864,,BR-RJ,L1375471,Traveling,22-08-03,2003,8,6,300,2,2,1
Turdus amaurochalinus,-54.5200749,-25.5992638,S9671684,Brazil,obs281470,S9671684,,BR-PR,L1390436,Traveling,17-08-03,2003,8,6,120,0.5,2,1
Turdus amaurochalinus,-50.0327122,-29.7724004,S9672144,Brazil,obs281470,S9672144,,BR-RS,L1390449,Traveling,19-08-03,2003,8,7,120,1.5,2,1
Turdus amaurochalinus,-56.206162,-15.6554164,S11636233,Brazil,obs201857,S11636233,,BR-MT,L1758106,Traveling,12-09-03,2003,9,6,120,1,2,1
Turdus amaurochalinus,-45.0597918,-23.3993496,S11646301,Brazil,obs201857,S11646301,1,BR-SP,L1759682,Traveling,23-09-03,2003,9,17,60,1,2,1
Turdus amaurochalinus,-64.7190857,-29.8612099,S16078677,Argentina,obs423266,S16078677,,AR-X,L2413326,Traveling,16-06-03,2003,6,11,120,2,4,1
Turdus amaurochalinus,-64.75094,-32.66021,S42041909,Argentina,obs428785,S42041909,2,AR-X,L2991302,Traveling,29-12-03,2003,12,8,120,2,1,1
Turdus amaurochalinus,-44.9681096,-22.6668681,S27774848,Brazil,obs201857,S27774848,,BR-SP,L4303768,Traveling,25-09-03,2003,9,9,45,2,1,1
Turdus amaurochalinus,-62.6998329,-19.7702427,S30765790,Bolivia,obs212296,S30765790,17,BO-S,L4800837,Traveling,09-03-03,2003,3,6,270,3.219,1,1
Turdus amaurochalinus,-48.4124944,-24.2666196,S42828659,Brazil,obs962124,S42828659,1,BR-SP,L6924028,Traveling,20-10-03,2003,10,8,180,4.828,2,1
Turdus amaurochalinus,-64.5896852,-32.5245805,S43891339,Argentina,obs428785,S43891339,2,AR-X,L7107731,Stationary,18-04-03,2003,4,9.5,60,0,1,1
Turdus amaurochalinus,-66.2954422,-14.650156,S88468888,Bolivia,obs1408101,S88468888,,BO-B,L9525618,Traveling,13-09-03,2003,9,16.75,120,3,3,1
Turdus amaurochalinus,-65.2938081,-24.1916873,S61033788,Argentina,obs272291,S61033788,,AR-Y,L10094065,Stationary,29-09-04,2004,9,17,30,0,1,1
Turdus amaurochalinus,-47.8323269,-15.8760661,S146157357,Brazil,obs1499208,S146157357,,BR-DF,L3114185,Traveling,29-08-04,2004,8,12,300,3,1,1
Turdus amaurochalinus,-64.9866199,-32.3289899,S23897742,Argentina,obs521880,S23897742,1,AR-D,L3719159,Traveling,14-03-04,2004,3,9,180,3,2,1
Turdus amaurochalinus,-66.1715381,-17.4102984,S26869392,Bolivia,obs279344,S26869392,1,BO-C,L4154715,Stationary,08-08-04,2004,8,15.58333333,10,0,1,1
Turdus amaurochalinus,-47.857734,-15.763369,S146157643,Brazil,obs1499208,S146157643,,BR-DF,L6083614,Traveling,30-08-04,2004,8,10,240,2,1,1
Turdus amaurochalinus,-63.2089381,-17.7845255,S41710089,Bolivia,obs527452,S41710089,10,BO-S,L6682283,Traveling,04-09-04,2004,9,13.5,270,3.219,2,1
Turdus amaurochalinus,-62.6784182,-30.9178365,S42207113,Argentina,obs428785,S42207113,2,AR-X,L680946,Stationary,24-02-04,2004,2,17,30,0,1,1
Turdus amaurochalinus,-62.4641667,-21.6022222,S46346799,Bolivia,obs1089184,S46346799,1,BO-T,L7528007,Traveling,24-07-04,2004,7,7,150,3.5,2,1
Turdus amaurochalinus,-54.1095961,-26.6269935,S57826611,Argentina,obs500739,S57826611,,AR-N,L9563962,Traveling,08-04-04,2004,4,14.5,180,3,3,1
Turdus amaurochalinus,-56.236855,-21.0916086,S127256613,Brazil,obs692284,S127256613,,BR-MS,L10046141,Traveling,24-09-05,2005,9,6,240,3,1,1
Turdus amaurochalinus,-42.5607958,-22.3705622,S102187440,Brazil,obs345243,S102187440,,BR-RJ,L10682851,Traveling,03-11-05,2005,11,15,120,2,9,1
Turdus amaurochalinus,-43.6075,-19.3539,S21575611,Brazil,obs534175,S21575611,1,BR-MG,L1123071,Traveling,14-10-05,2005,10,8,240,4.828,7,1
Turdus amaurochalinus,-54.4454506,-25.6804434,S70329842,Argentina,obs1312265,S70329842,4,AR-N,L11673587,Traveling,23-03-05,2005,3,15,150,2,1,1
Turdus amaurochalinus,-63.4711111,-21.3233333,S9229046,Bolivia,obs112693,S9229046,,BO-T,L1326655,Traveling,03-01-05,2005,1,9.166666667,75,0.805,1,1
Turdus amaurochalinus,-63.4161111,-21.8386111,S9229047,Bolivia,obs112693,S9229047,,BO-T,L1326657,Traveling,04-01-05,2005,1,10.83333333,155,0.483,1,1
Turdus amaurochalinus,-63.03,-21.8333333,S9229033,Bolivia,obs112693,S9229033,,BO-T,L1326658,Traveling,04-01-05,2005,1,15.25,25,0.322,1,1
Turdus amaurochalinus,-62.8972222,-21.8080556,S9229034,Bolivia,obs112693,S9229034,,BO-T,L1326660,Traveling,04-01-05,2005,1,16.91666667,20,0.161,1,1
Turdus amaurochalinus,-58.493854,-34.4683144,S11966712,Argentina,obs313423,S11966712,,AR-B,L1784948,Traveling,24-11-05,2005,11,13,180,1.207,1,1
Turdus amaurochalinus,-45.340879,-23.847,S12340511,Brazil,obs303979,S12340511,1,BR-SP,L1844696,Traveling,06-05-05,2005,5,7,3,2.993,3,1
Turdus amaurochalinus,-43.220695,-22.972981,S12401443,Brazil,obs303979,S12401443,,BR-RJ,L1854143,Traveling,03-05-05,2005,5,10.5,120,1.497,3,1
Turdus amaurochalinus,-62.6898766,-32.307302,S15315220,Argentina,obs422723,S15315220,1,AR-X,L2374775,Stationary,09-10-05,2005,10,10.5,30,0,3,1
Turdus amaurochalinus,-40.0681686,-19.1504872,S21621442,Brazil,obs534175,S21621442,1,BR-ES,L2429274,Traveling,20-10-05,2005,10,7,300,3.219,7,1
Turdus amaurochalinus,-49.14742,-26.7664371,S19615881,Brazil,obs360030,S19615881,,BR-SC,L3061479,Traveling,08-10-05,2005,10,14.5,180,2,2,1
Turdus amaurochalinus,-42.6033068,-21.9333033,S21639156,Brazil,obs534175,S21639156,1,BR-RJ,L3333017,Traveling,24-10-05,2005,10,14,90,1.609,7,1
Turdus amaurochalinus,-41.02675,-20.49277,S21593311,Brazil,obs534175,S21593311,1,BR-ES,L3600423,Traveling,17-10-05,2005,10,8,240,4.828,7,1
Turdus amaurochalinus,-49.200394,-26.658974,S19617602,Brazil,obs360030,S19617602,,BR-SC,L3685175,Traveling,02-11-05,2005,11,5.5,180,2,2,1
Turdus amaurochalinus,-56.4396617,-21.4613264,S127255119,Brazil,obs692284,S127255119,,BR-MS,L3721210,Traveling,17-09-05,2005,9,6.666666667,240,5,1,1
Turdus amaurochalinus,-49.1377687,-26.7763421,S19617130,Brazil,obs360030,S19617130,,BR-SC,L3804970,Traveling,22-10-05,2005,10,6,180,2,2,1
Turdus amaurochalinus,-64.995482,-14.6089169,S27178060,Bolivia,obs279344,S27178060,1,BO-B,L4198702,Traveling,14-09-05,2005,9,14.75,130,0.322,8,1
Turdus amaurochalinus,-42.913456,-22.488411,S102407712,Brazil,obs1129700,S102407712,2,BR-RJ,L6258680,Traveling,22-06-05,2005,6,9.516666667,240,4,1,1
Turdus amaurochalinus,-59.1563344,-34.5068042,S43577086,Argentina,obs496887,S43577086,1,AR-B,L7053936,Traveling,18-09-05,2005,9,11,90,1,1,1
Turdus amaurochalinus,-57.1843529,-28.5392906,S57879238,Argentina,obs500739,S57879238,,AR-W,L7653297,Traveling,01-09-05,2005,9,14,180,3,2,1
Turdus amaurochalinus,-48.6419602,-26.0814092,S9359052,Brazil,obs201857,S9359052,2,BR-SC,L1341457,Traveling,07-09-06,2006,9,14,240,2,1,1
Turdus amaurochalinus,-64.2238889,-13.1830556,S95133626,Bolivia,obs1089184,S95133626,1,BO-B,L16462101,Traveling,25-08-06,2006,8,7,180,5,3,1
Turdus amaurochalinus,-44.5305729,-22.3273177,S105059294,Brazil,obs1129700,S105059294,2,BR-RJ,L18157335,Traveling,02-05-06,2006,5,7.5,240,5,1,1
Turdus amaurochalinus,-67.5520902,-14.2950059,S103525282,Bolivia,obs2315114,S103525282,1,BO-L,L18181647,Traveling,16-07-06,2006,7,7,120,5,2,1
Turdus amaurochalinus,-64.8454564,-17.1613491,S112386536,Bolivia,obs1058232,S112386536,30,BO-C,L19516251,Traveling,28-07-06,2006,7,6.5,300,4,2,1
Turdus amaurochalinus,-65.2789485,-10.8571411,S18157518,Brazil,obs412230,S18157518,,BR-RO,L2818116,Traveling,05-08-06,2006,8,14.16666667,230,1.5,1,1
Turdus amaurochalinus,-65.2231264,-10.8965116,S18174380,Brazil,obs412230,S18174380,,BR-RO,L2820436,Traveling,07-08-06,2006,8,6.5,285,3,2,1
Turdus amaurochalinus,-49.1704166,-26.6433046,S19630818,Brazil,obs360030,S19630818,,BR-SC,L3043292,Traveling,11-11-06,2006,11,6,300,3,1,1
Turdus amaurochalinus,-48.0302578,-15.8321411,S24155603,Brazil,obs335836,S24155603,1,BR-DF,L3536051,Traveling,02-09-06,2006,9,7.5,240,2,3,1
Turdus amaurochalinus,-47.81049,-15.8226,S24162253,Brazil,obs335836,S24162253,1,BR-DF,L3771933,Traveling,17-09-06,2006,9,8,150,1,3,1
Turdus amaurochalinus,-47.7886498,-15.6406167,S24163272,Brazil,obs335836,S24163272,1,BR-DF,L3772019,Traveling,30-07-06,2006,7,7.666666667,180,1,1,1
Turdus amaurochalinus,-49.073721,-27.005093,S24563128,Brazil,obs360030,S24563128,,BR-SC,L3825897,Traveling,15-11-06,2006,11,6.5,300,2,2,1
Turdus amaurochalinus,-45.0551248,-22.1127182,S27788383,Brazil,obs661287,S27788383,,BR-MG,L3959195,Traveling,13-04-06,2006,4,9,180,3,1,1
Turdus amaurochalinus,-57.6598549,-25.3321573,S3310549,Paraguay,obs41831,S3310549,4,PY-ASU,L470701,Stationary,19-05-06,2006,5,14,30,0,2,1
Turdus amaurochalinus,-71.5945,-13.1620833,S144707714,Peru,obs2468415,S144707714,2,PE-CUS,L599441,Traveling,26-10-06,2006,10,9,300,3,10,1
Turdus amaurochalinus,-43.0728114,-22.3772023,S38035336,Brazil,obs203193,S38035336,,BR-RJ,L6066842,Traveling,02-09-06,2006,9,6,180,0.805,2,1
Turdus amaurochalinus,-68.754364,-11.0142621,S5609438,Bolivia,obs34033,S5609438,1,BO-N,L811816,Traveling,01-02-06,2006,2,7,100,2.897,1,1
Turdus amaurochalinus,-44.7110939,-22.4563834,S95455743,Brazil,obs162737,S95455743,2,BR-RJ,L972134,Traveling,12-09-06,2006,9,5.766666667,180,4,6,1
Turdus amaurochalinus,-56.4531833,-21.4590024,S104685413,Brazil,obs692284,S104685413,,BR-MS,L10096791,Traveling,04-10-07,2007,10,15.33333333,180,2,1,1
Turdus amaurochalinus,-48.6803073,-26.2278877,S14818833,Brazil,obs201857,S14818833,,BR-SC,L1034337,Traveling,20-07-07,2007,7,9,180,2,1,1
Turdus amaurochalinus,-63.155,-17.9,S9249565,Bolivia,obs112693,S9249565,,BO-S,L1327949,Traveling,02-09-07,2007,9,7,180,1.77,1,1
Turdus amaurochalinus,-63.1656,-17.91,S9249566,Bolivia,obs112693,S9249566,,BO-S,L1327950,Stationary,02-09-07,2007,9,9.5,60,0,1,1
Turdus amaurochalinus,-65.7048929,-26.8290447,S128187410,Argentina,obs1411808,S128187410,,AR-T,L22566925,Traveling,16-02-07,2007,2,9,120,2,2,1
Turdus amaurochalinus,-55.3755,-34.7976667,S32613346,Uruguay,obs521964,S32613346,,UY-MA,L2763322,Traveling,11-01-07,2007,1,8.5,120,1,2,1
Turdus amaurochalinus,-65.2744102,-27.4261172,S24864841,Argentina,obs419506,S24864841,1,AR-T,L3884021,Traveling,01-11-07,2007,11,12.5,90,5,2,1
Turdus amaurochalinus,-49.0380028,-27.0283833,S34958504,Brazil,obs360030,S34958504,,BR-SC,L5537659,Traveling,18-04-07,2007,4,6.5,8,3.219,4,1
Turdus amaurochalinus,-49.1570194,-27.1061056,S34958511,Brazil,obs360030,S34958511,,BR-SC,L5537664,Traveling,14-09-07,2007,9,6.5,10,3.219,4,1
Turdus amaurochalinus,-49.11195,-27.0077806,S34958513,Brazil,obs360030,S34958513,,BR-SC,L5537666,Traveling,15-11-07,2007,11,6.5,10,3.219,4,1
Turdus amaurochalinus,-71.3759142,-12.8712181,S123715516,Peru,obs486435,S123715516,1,PE-MDD,L7927352,Traveling,01-09-07,2007,9,15.5,150,2.414,9,1
Turdus amaurochalinus,-46.6421986,-23.4310403,S15561032,Brazil,obs300729,S15561032,1,BR-SP,L952126,Traveling,09-12-07,2007,12,10.5,180,4.828,2,1
Turdus amaurochalinus,-64.5196152,-23.7437903,S59516016,Argentina,obs267395,S59516016,2,AR-Y,L9877371,Traveling,23-07-07,2007,7,13,120,2,3,1
Turdus amaurochalinus,-58.3750428,-34.5951855,G1956910,Argentina,"obs95598,obs432890,obs523174","S12670049,S31944603,S37559987",,AR-C,L1894588,Stationary,04-01-06,2006,1,10,30,0,2,1
Turdus amaurochalinus,-46.2775,-20.3736,G10285623,Brazil,"obs149818,obs205067","S138717920,S24966203",1,BR-MG,L1123066,Stationary,06-11-07,2007,11,7.25,35,0,4,1
Turdus amaurochalinus,-43.618653,-19.312728,G10285638,Brazil,"obs149818,obs205067","S138717936,S24956291",2,BR-MG,L8076530,Traveling,04-11-07,2007,11,9.166666667,120,3.219,4,1
Turdus amaurochalinus,-64.4979858,-30.9805917,G734750,Argentina,"obs423266,obs426915","S15764912,S15766274",,AR-X,L2412959,Traveling,13-02-07,2007,2,14,300,3,5,1
Turdus amaurochalinus,-61.7847662,-28.5184529,G3335812,Argentina,"obs435325,obs539414","S37923109,S47124052",,AR-S,L6043935,Traveling,17-06-06,2006,6,13.66666667,300,3,4,1
Turdus amaurochalinus,-65.5078736,-24.7224423,G2531405,Argentina,"obs104040,obs60864","S38083199,S38088651",2,AR-A,L3081504,Traveling,19-11-07,2007,11,16,60,2,4,1
Turdus amaurochalinus,-63.5418333,-33.155,G3581750,Argentina,"obs428785,obs250534","S42416917,S49913336",3,AR-X,L2761828,Traveling,27-05-07,2007,5,17,60,3,2,1
Turdus amaurochalinus,-64.5150018,-32.0717224,G3207539,Argentina,obs601293,S45778538,,AR-X,L2763420,Traveling,22-12-07,2007,12,6.75,225,2.5,1,1
Turdus amaurochalinus,-55.6682118,-34.7646219,G3724994,Uruguay,"obs409046,obs229890,obs606943","S51338245,S51342297,S52369903",,UY-CA,L8373037,Traveling,08-11-03,2003,11,13,240,2,5,1
Turdus amaurochalinus,-55.3198603,-34.7459234,G3830321,Uruguay,"obs409046,obs229890","S51341102,S52395198",,UY-MA,L2761728,Traveling,09-11-03,2003,11,10,240,2,5,1
